// Generated by tools/make_vlw.py. Do not edit by hand.
#pragma once
#include <pgmspace.h>

const uint8_t PlexUI[] PROGMEM = {
  0x00, 0x00, 0x00, 0x5F, 0x00, 0x00, 0x00, 0x0B, 0x00, 0x00, 0x00, 0x20, 0x00, 0x00, 0x00, 0x00,
  0x00, 0x00, 0x00, 0x19, 0x00, 0x00, 0x00, 0x07, 0x00, 0x00, 0x00, 0x20, 0x00, 0x00, 0x00, 0x00,
  0x00, 0x00, 0x00, 0x00, 0x00, 0x00, 0x00, 0x06, 0x00, 0x00, 0x00, 0x00, 0x00, 0x00, 0x00, 0x00,
  0x00, 0x00, 0x00, 0x00, 0x00, 0x00, 0x00, 0x21, 0x00, 0x00, 0x00, 0x11, 0x00, 0x00, 0x00, 0x07,
  0x00, 0x00, 0x00, 0x07, 0x00, 0x00, 0x00, 0x11, 0x00, 0x00, 0x00, 0x00, 0x00, 0x00, 0x00, 0x00,
  0x00, 0x00, 0x00, 0x22, 0x00, 0x00, 0x00, 0x12, 0x00, 0x00, 0x00, 0x0B, 0x00, 0x00, 0x00, 0x0B,
  0x00, 0x00, 0x00, 0x12, 0x00, 0x00, 0x00, 0x00, 0x00, 0x00, 0x00, 0x00, 0x00, 0x00, 0x00, 0x23,
  0x00, 0x00, 0x00, 0x11, 0x00, 0x00, 0x00, 0x10, 0x00, 0x00, 0x00, 0x10, 0x00, 0x00, 0x00, 0x11,
  0x00, 0x00, 0x00, 0x00, 0x00, 0x00, 0x00, 0x00, 0x00, 0x00, 0x00, 0x24, 0x00, 0x00, 0x00, 0x15,
  0x00, 0x00, 0x00, 0x0E, 0x00, 0x00, 0x00, 0x0E, 0x00, 0x00, 0x00, 0x13, 0x00, 0x00, 0x00, 0x00,
  0x00, 0x00, 0x00, 0x00, 0x00, 0x00, 0x00, 0x25, 0x00, 0x00, 0x00, 0x11, 0x00, 0x00, 0x00, 0x17,
  0x00, 0x00, 0x00, 0x17, 0x00, 0x00, 0x00, 0x11, 0x00, 0x00, 0x00, 0x00, 0x00, 0x00, 0x00, 0x00,
  0x00, 0x00, 0x00, 0x26, 0x00, 0x00, 0x00, 0x11, 0x00, 0x00, 0x00, 0x11, 0x00, 0x00, 0x00, 0x11,
  0x00, 0x00, 0x00, 0x11, 0x00, 0x00, 0x00, 0x00, 0x00, 0x00, 0x00, 0x00, 0x00, 0x00, 0x00, 0x27,
  0x00, 0x00, 0x00, 0x12, 0x00, 0x00, 0x00, 0x06, 0x00, 0x00, 0x00, 0x06, 0x00, 0x00, 0x00, 0x12,
  0x00, 0x00, 0x00, 0x00, 0x00, 0x00, 0x00, 0x00, 0x00, 0x00, 0x00, 0x28, 0x00, 0x00, 0x00, 0x15,
  0x00, 0x00, 0x00, 0x09, 0x00, 0x00, 0x00, 0x08, 0x00, 0x00, 0x00, 0x12, 0x00, 0x00, 0x00, 0x00,
  0x00, 0x00, 0x00, 0x00, 0x00, 0x00, 0x00, 0x29, 0x00, 0x00, 0x00, 0x15, 0x00, 0x00, 0x00, 0x09,
  0x00, 0x00, 0x00, 0x08, 0x00, 0x00, 0x00, 0x12, 0xFF, 0xFF, 0xFF, 0xFF, 0x00, 0x00, 0x00, 0x00,
  0x00, 0x00, 0x00, 0x2A, 0x00, 0x00, 0x00, 0x12, 0x00, 0x00, 0x00, 0x0D, 0x00, 0x00, 0x00, 0x0D,
  0x00, 0x00, 0x00, 0x12, 0x00, 0x00, 0x00, 0x00, 0x00, 0x00, 0x00, 0x00, 0x00, 0x00, 0x00, 0x2B,
  0x00, 0x00, 0x00, 0x0D, 0x00, 0x00, 0x00, 0x0E, 0x00, 0x00, 0x00, 0x0E, 0x00, 0x00, 0x00, 0x0D,
  0x00, 0x00, 0x00, 0x00, 0x00, 0x00, 0x00, 0x00, 0x00, 0x00, 0x00, 0x2C, 0x00, 0x00, 0x00, 0x07,
  0x00, 0x00, 0x00, 0x07, 0x00, 0x00, 0x00, 0x07, 0x00, 0x00, 0x00, 0x04, 0x00, 0x00, 0x00, 0x00,
  0x00, 0x00, 0x00, 0x00, 0x00, 0x00, 0x00, 0x2D, 0x00, 0x00, 0x00, 0x09, 0x00, 0x00, 0x00, 0x0A,
  0x00, 0x00, 0x00, 0x0A, 0x00, 0x00, 0x00, 0x09, 0x00, 0x00, 0x00, 0x00, 0x00, 0x00, 0x00, 0x00,
  0x00, 0x00, 0x00, 0x2E, 0x00, 0x00, 0x00, 0x04, 0x00, 0x00, 0x00, 0x07, 0x00, 0x00, 0x00, 0x07,
  0x00, 0x00, 0x00, 0x04, 0x00, 0x00, 0x00, 0x00, 0x00, 0x00, 0x00, 0x00, 0x00, 0x00, 0x00, 0x2F,
  0x00, 0x00, 0x00, 0x16, 0x00, 0x00, 0x00, 0x0A, 0x00, 0x00, 0x00, 0x0A, 0x00, 0x00, 0x00, 0x12,
  0x00, 0x00, 0x00, 0x00, 0x00, 0x00, 0x00, 0x00, 0x00, 0x00, 0x00, 0x30, 0x00, 0x00, 0x00, 0x11,
  0x00, 0x00, 0x00, 0x0E, 0x00, 0x00, 0x00, 0x0E, 0x00, 0x00, 0x00, 0x11, 0x00, 0x00, 0x00, 0x00,
  0x00, 0x00, 0x00, 0x00, 0x00, 0x00, 0x00, 0x31, 0x00, 0x00, 0x00, 0x11, 0x00, 0x00, 0x00, 0x0E,
  0x00, 0x00, 0x00, 0x0E, 0x00, 0x00, 0x00, 0x11, 0x00, 0x00, 0x00, 0x00, 0x00, 0x00, 0x00, 0x00,
  0x00, 0x00, 0x00, 0x32, 0x00, 0x00, 0x00, 0x11, 0x00, 0x00, 0x00, 0x0E, 0x00, 0x00, 0x00, 0x0E,
  0x00, 0x00, 0x00, 0x11, 0x00, 0x00, 0x00, 0x00, 0x00, 0x00, 0x00, 0x00, 0x00, 0x00, 0x00, 0x33,
  0x00, 0x00, 0x00, 0x11, 0x00, 0x00, 0x00, 0x0E, 0x00, 0x00, 0x00, 0x0E, 0x00, 0x00, 0x00, 0x11,
  0x00, 0x00, 0x00, 0x00, 0x00, 0x00, 0x00, 0x00, 0x00, 0x00, 0x00, 0x34, 0x00, 0x00, 0x00, 0x11,
  0x00, 0x00, 0x00, 0x0E, 0x00, 0x00, 0x00, 0x0E, 0x00, 0x00, 0x00, 0x11, 0x00, 0x00, 0x00, 0x00,
  0x00, 0x00, 0x00, 0x00, 0x00, 0x00, 0x00, 0x35, 0x00, 0x00, 0x00, 0x11, 0x00, 0x00, 0x00, 0x0E,
  0x00, 0x00, 0x00, 0x0E, 0x00, 0x00, 0x00, 0x11, 0x00, 0x00, 0x00, 0x00, 0x00, 0x00, 0x00, 0x00,
  0x00, 0x00, 0x00, 0x36, 0x00, 0x00, 0x00, 0x11, 0x00, 0x00, 0x00, 0x0E, 0x00, 0x00, 0x00, 0x0E,
  0x00, 0x00, 0x00, 0x11, 0x00, 0x00, 0x00, 0x00, 0x00, 0x00, 0x00, 0x00, 0x00, 0x00, 0x00, 0x37,
  0x00, 0x00, 0x00, 0x11, 0x00, 0x00, 0x00, 0x0E, 0x00, 0x00, 0x00, 0x0E, 0x00, 0x00, 0x00, 0x11,
  0x00, 0x00, 0x00, 0x00, 0x00, 0x00, 0x00, 0x00, 0x00, 0x00, 0x00, 0x38, 0x00, 0x00, 0x00, 0x11,
  0x00, 0x00, 0x00, 0x0E, 0x00, 0x00, 0x00, 0x0E, 0x00, 0x00, 0x00, 0x11, 0x00, 0x00, 0x00, 0x00,
  0x00, 0x00, 0x00, 0x00, 0x00, 0x00, 0x00, 0x39, 0x00, 0x00, 0x00, 0x11, 0x00, 0x00, 0x00, 0x0E,
  0x00, 0x00, 0x00, 0x0E, 0x00, 0x00, 0x00, 0x11, 0x00, 0x00, 0x00, 0x00, 0x00, 0x00, 0x00, 0x00,
  0x00, 0x00, 0x00, 0x3A, 0x00, 0x00, 0x00, 0x0D, 0x00, 0x00, 0x00, 0x08, 0x00, 0x00, 0x00, 0x08,
  0x00, 0x00, 0x00, 0x0D, 0x00, 0x00, 0x00, 0x00, 0x00, 0x00, 0x00, 0x00, 0x00, 0x00, 0x00, 0x3B,
  0x00, 0x00, 0x00, 0x10, 0x00, 0x00, 0x00, 0x08, 0x00, 0x00, 0x00, 0x08, 0x00, 0x00, 0x00, 0x0D,
  0x00, 0x00, 0x00, 0x00, 0x00, 0x00, 0x00, 0x00, 0x00, 0x00, 0x00, 0x3C, 0x00, 0x00, 0x00, 0x0E,
  0x00, 0x00, 0x00, 0x0E, 0x00, 0x00, 0x00, 0x0E, 0x00, 0x00, 0x00, 0x0E, 0x00, 0x00, 0x00, 0x00,
  0x00, 0x00, 0x00, 0x00, 0x00, 0x00, 0x00, 0x3D, 0x00, 0x00, 0x00, 0x0B, 0x00, 0x00, 0x00, 0x0E,
  0x00, 0x00, 0x00, 0x0E, 0x00, 0x00, 0x00, 0x0B, 0x00, 0x00, 0x00, 0x00, 0x00, 0x00, 0x00, 0x00,
  0x00, 0x00, 0x00, 0x3E, 0x00, 0x00, 0x00, 0x0E, 0x00, 0x00, 0x00, 0x0E, 0x00, 0x00, 0x00, 0x0E,
  0x00, 0x00, 0x00, 0x0E, 0x00, 0x00, 0x00, 0x00, 0x00, 0x00, 0x00, 0x00, 0x00, 0x00, 0x00, 0x3F,
  0x00, 0x00, 0x00, 0x11, 0x00, 0x00, 0x00, 0x0C, 0x00, 0x00, 0x00, 0x0C, 0x00, 0x00, 0x00, 0x11,
  0x00, 0x00, 0x00, 0x00, 0x00, 0x00, 0x00, 0x00, 0x00, 0x00, 0x00, 0x40, 0x00, 0x00, 0x00, 0x14,
  0x00, 0x00, 0x00, 0x16, 0x00, 0x00, 0x00, 0x16, 0x00, 0x00, 0x00, 0x11, 0x00, 0x00, 0x00, 0x00,
  0x00, 0x00, 0x00, 0x00, 0x00, 0x00, 0x00, 0x41, 0x00, 0x00, 0x00, 0x11, 0x00, 0x00, 0x00, 0x10,
  0x00, 0x00, 0x00, 0x10, 0x00, 0x00, 0x00, 0x11, 0x00, 0x00, 0x00, 0x00, 0x00, 0x00, 0x00, 0x00,
  0x00, 0x00, 0x00, 0x42, 0x00, 0x00, 0x00, 0x11, 0x00, 0x00, 0x00, 0x10, 0x00, 0x00, 0x00, 0x10,
  0x00, 0x00, 0x00, 0x11, 0x00, 0x00, 0x00, 0x00, 0x00, 0x00, 0x00, 0x00, 0x00, 0x00, 0x00, 0x43,
  0x00, 0x00, 0x00, 0x11, 0x00, 0x00, 0x00, 0x0F, 0x00, 0x00, 0x00, 0x0F, 0x00, 0x00, 0x00, 0x11,
  0x00, 0x00, 0x00, 0x00, 0x00, 0x00, 0x00, 0x00, 0x00, 0x00, 0x00, 0x44, 0x00, 0x00, 0x00, 0x11,
  0x00, 0x00, 0x00, 0x11, 0x00, 0x00, 0x00, 0x11, 0x00, 0x00, 0x00, 0x11, 0x00, 0x00, 0x00, 0x00,
  0x00, 0x00, 0x00, 0x00, 0x00, 0x00, 0x00, 0x45, 0x00, 0x00, 0x00, 0x11, 0x00, 0x00, 0x00, 0x0E,
  0x00, 0x00, 0x00, 0x0E, 0x00, 0x00, 0x00, 0x11, 0x00, 0x00, 0x00, 0x00, 0x00, 0x00, 0x00, 0x00,
  0x00, 0x00, 0x00, 0x46, 0x00, 0x00, 0x00, 0x11, 0x00, 0x00, 0x00, 0x0E, 0x00, 0x00, 0x00, 0x0E,
  0x00, 0x00, 0x00, 0x11, 0x00, 0x00, 0x00, 0x00, 0x00, 0x00, 0x00, 0x00, 0x00, 0x00, 0x00, 0x47,
  0x00, 0x00, 0x00, 0x11, 0x00, 0x00, 0x00, 0x11, 0x00, 0x00, 0x00, 0x11, 0x00, 0x00, 0x00, 0x11,
  0x00, 0x00, 0x00, 0x00, 0x00, 0x00, 0x00, 0x00, 0x00, 0x00, 0x00, 0x48, 0x00, 0x00, 0x00, 0x11,
  0x00, 0x00, 0x00, 0x11, 0x00, 0x00, 0x00, 0x11, 0x00, 0x00, 0x00, 0x11, 0x00, 0x00, 0x00, 0x00,
  0x00, 0x00, 0x00, 0x00, 0x00, 0x00, 0x00, 0x49, 0x00, 0x00, 0x00, 0x11, 0x00, 0x00, 0x00, 0x0A,
  0x00, 0x00, 0x00, 0x0A, 0x00, 0x00, 0x00, 0x11, 0x00, 0x00, 0x00, 0x00, 0x00, 0x00, 0x00, 0x00,
  0x00, 0x00, 0x00, 0x4A, 0x00, 0x00, 0x00, 0x11, 0x00, 0x00, 0x00, 0x0D, 0x00, 0x00, 0x00, 0x0D,
  0x00, 0x00, 0x00, 0x11, 0x00, 0x00, 0x00, 0x00, 0x00, 0x00, 0x00, 0x00, 0x00, 0x00, 0x00, 0x4B,
  0x00, 0x00, 0x00, 0x11, 0x00, 0x00, 0x00, 0x10, 0x00, 0x00, 0x00, 0x10, 0x00, 0x00, 0x00, 0x11,
  0x00, 0x00, 0x00, 0x00, 0x00, 0x00, 0x00, 0x00, 0x00, 0x00, 0x00, 0x4C, 0x00, 0x00, 0x00, 0x11,
  0x00, 0x00, 0x00, 0x0D, 0x00, 0x00, 0x00, 0x0D, 0x00, 0x00, 0x00, 0x11, 0x00, 0x00, 0x00, 0x00,
  0x00, 0x00, 0x00, 0x00, 0x00, 0x00, 0x00, 0x4D, 0x00, 0x00, 0x00, 0x11, 0x00, 0x00, 0x00, 0x14,
  0x00, 0x00, 0x00, 0x14, 0x00, 0x00, 0x00, 0x11, 0x00, 0x00, 0x00, 0x00, 0x00, 0x00, 0x00, 0x00,
  0x00, 0x00, 0x00, 0x4E, 0x00, 0x00, 0x00, 0x11, 0x00, 0x00, 0x00, 0x11, 0x00, 0x00, 0x00, 0x11,
  0x00, 0x00, 0x00, 0x11, 0x00, 0x00, 0x00, 0x00, 0x00, 0x00, 0x00, 0x00, 0x00, 0x00, 0x00, 0x4F,
  0x00, 0x00, 0x00, 0x11, 0x00, 0x00, 0x00, 0x11, 0x00, 0x00, 0x00, 0x11, 0x00, 0x00, 0x00, 0x11,
  0x00, 0x00, 0x00, 0x00, 0x00, 0x00, 0x00, 0x00, 0x00, 0x00, 0x00, 0x50, 0x00, 0x00, 0x00, 0x11,
  0x00, 0x00, 0x00, 0x0F, 0x00, 0x00, 0x00, 0x0F, 0x00, 0x00, 0x00, 0x11, 0x00, 0x00, 0x00, 0x00,
  0x00, 0x00, 0x00, 0x00, 0x00, 0x00, 0x00, 0x51, 0x00, 0x00, 0x00, 0x14, 0x00, 0x00, 0x00, 0x11,
  0x00, 0x00, 0x00, 0x11, 0x00, 0x00, 0x00, 0x11, 0x00, 0x00, 0x00, 0x00, 0x00, 0x00, 0x00, 0x00,
  0x00, 0x00, 0x00, 0x52, 0x00, 0x00, 0x00, 0x11, 0x00, 0x00, 0x00, 0x10, 0x00, 0x00, 0x00, 0x10,
  0x00, 0x00, 0x00, 0x11, 0x00, 0x00, 0x00, 0x00, 0x00, 0x00, 0x00, 0x00, 0x00, 0x00, 0x00, 0x53,
  0x00, 0x00, 0x00, 0x11, 0x00, 0x00, 0x00, 0x0F, 0x00, 0x00, 0x00, 0x0F, 0x00, 0x00, 0x00, 0x11,
  0x00, 0x00, 0x00, 0x00, 0x00, 0x00, 0x00, 0x00, 0x00, 0x00, 0x00, 0x54, 0x00, 0x00, 0x00, 0x11,
  0x00, 0x00, 0x00, 0x0E, 0x00, 0x00, 0x00, 0x0E, 0x00, 0x00, 0x00, 0x11, 0x00, 0x00, 0x00, 0x00,
  0x00, 0x00, 0x00, 0x00, 0x00, 0x00, 0x00, 0x55, 0x00, 0x00, 0x00, 0x11, 0x00, 0x00, 0x00, 0x11,
  0x00, 0x00, 0x00, 0x11, 0x00, 0x00, 0x00, 0x11, 0x00, 0x00, 0x00, 0x00, 0x00, 0x00, 0x00, 0x00,
  0x00, 0x00, 0x00, 0x56, 0x00, 0x00, 0x00, 0x11, 0x00, 0x00, 0x00, 0x0F, 0x00, 0x00, 0x00, 0x0F,
  0x00, 0x00, 0x00, 0x11, 0x00, 0x00, 0x00, 0x00, 0x00, 0x00, 0x00, 0x00, 0x00, 0x00, 0x00, 0x57,
  0x00, 0x00, 0x00, 0x11, 0x00, 0x00, 0x00, 0x17, 0x00, 0x00, 0x00, 0x17, 0x00, 0x00, 0x00, 0x11,
  0x00, 0x00, 0x00, 0x00, 0x00, 0x00, 0x00, 0x00, 0x00, 0x00, 0x00, 0x58, 0x00, 0x00, 0x00, 0x11,
  0x00, 0x00, 0x00, 0x10, 0x00, 0x00, 0x00, 0x10, 0x00, 0x00, 0x00, 0x11, 0x00, 0x00, 0x00, 0x00,
  0x00, 0x00, 0x00, 0x00, 0x00, 0x00, 0x00, 0x59, 0x00, 0x00, 0x00, 0x11, 0x00, 0x00, 0x00, 0x0F,
  0x00, 0x00, 0x00, 0x0F, 0x00, 0x00, 0x00, 0x11, 0x00, 0x00, 0x00, 0x00, 0x00, 0x00, 0x00, 0x00,
  0x00, 0x00, 0x00, 0x5A, 0x00, 0x00, 0x00, 0x11, 0x00, 0x00, 0x00, 0x0E, 0x00, 0x00, 0x00, 0x0E,
  0x00, 0x00, 0x00, 0x11, 0x00, 0x00, 0x00, 0x00, 0x00, 0x00, 0x00, 0x00, 0x00, 0x00, 0x00, 0x5B,
  0x00, 0x00, 0x00, 0x15, 0x00, 0x00, 0x00, 0x08, 0x00, 0x00, 0x00, 0x08, 0x00, 0x00, 0x00, 0x12,
  0x00, 0x00, 0x00, 0x00, 0x00, 0x00, 0x00, 0x00, 0x00, 0x00, 0x00, 0x5C, 0x00, 0x00, 0x00, 0x16,
  0x00, 0x00, 0x00, 0x0B, 0x00, 0x00, 0x00, 0x0A, 0x00, 0x00, 0x00, 0x12, 0x00, 0x00, 0x00, 0x00,
  0x00, 0x00, 0x00, 0x00, 0x00, 0x00, 0x00, 0x5D, 0x00, 0x00, 0x00, 0x15, 0x00, 0x00, 0x00, 0x08,
  0x00, 0x00, 0x00, 0x08, 0x00, 0x00, 0x00, 0x12, 0x00, 0x00, 0x00, 0x00, 0x00, 0x00, 0x00, 0x00,
  0x00, 0x00, 0x00, 0x5E, 0x00, 0x00, 0x00, 0x11, 0x00, 0x00, 0x00, 0x0E, 0x00, 0x00, 0x00, 0x0E,
  0x00, 0x00, 0x00, 0x11, 0x00, 0x00, 0x00, 0x00, 0x00, 0x00, 0x00, 0x00, 0x00, 0x00, 0x00, 0x5F,
  0x00, 0x00, 0x00, 0x04, 0x00, 0x00, 0x00, 0x0D, 0x00, 0x00, 0x00, 0x0D, 0x00, 0x00, 0x00, 0x00,
  0x00, 0x00, 0x00, 0x00, 0x00, 0x00, 0x00, 0x00, 0x00, 0x00, 0x00, 0x60, 0x00, 0x00, 0x00, 0x14,
  0x00, 0x00, 0x00, 0x0E, 0x00, 0x00, 0x00, 0x0E, 0x00, 0x00, 0x00, 0x14, 0x00, 0x00, 0x00, 0x00,
  0x00, 0x00, 0x00, 0x00, 0x00, 0x00, 0x00, 0x61, 0x00, 0x00, 0x00, 0x0C, 0x00, 0x00, 0x00, 0x0D,
  0x00, 0x00, 0x00, 0x0D, 0x00, 0x00, 0x00, 0x0C, 0x00, 0x00, 0x00, 0x00, 0x00, 0x00, 0x00, 0x00,
  0x00, 0x00, 0x00, 0x62, 0x00, 0x00, 0x00, 0x12, 0x00, 0x00, 0x00, 0x0E, 0x00, 0x00, 0x00, 0x0E,
  0x00, 0x00, 0x00, 0x12, 0x00, 0x00, 0x00, 0x00, 0x00, 0x00, 0x00, 0x00, 0x00, 0x00, 0x00, 0x63,
  0x00, 0x00, 0x00, 0x0C, 0x00, 0x00, 0x00, 0x0C, 0x00, 0x00, 0x00, 0x0C, 0x00, 0x00, 0x00, 0x0C,
  0x00, 0x00, 0x00, 0x00, 0x00, 0x00, 0x00, 0x00, 0x00, 0x00, 0x00, 0x64, 0x00, 0x00, 0x00, 0x12,
  0x00, 0x00, 0x00, 0x0E, 0x00, 0x00, 0x00, 0x0E, 0x00, 0x00, 0x00, 0x12, 0x00, 0x00, 0x00, 0x00,
  0x00, 0x00, 0x00, 0x00, 0x00, 0x00, 0x00, 0x65, 0x00, 0x00, 0x00, 0x0C, 0x00, 0x00, 0x00, 0x0D,
  0x00, 0x00, 0x00, 0x0D, 0x00, 0x00, 0x00, 0x0C, 0x00, 0x00, 0x00, 0x00, 0x00, 0x00, 0x00, 0x00,
  0x00, 0x00, 0x00, 0x66, 0x00, 0x00, 0x00, 0x12, 0x00, 0x00, 0x00, 0x09, 0x00, 0x00, 0x00, 0x08,
  0x00, 0x00, 0x00, 0x12, 0x00, 0x00, 0x00, 0x00, 0x00, 0x00, 0x00, 0x00, 0x00, 0x00, 0x00, 0x67,
  0x00, 0x00, 0x00, 0x14, 0x00, 0x00, 0x00, 0x0E, 0x00, 0x00, 0x00, 0x0D, 0x00, 0x00, 0x00, 0x0F,
  0x00, 0x00, 0x00, 0x00, 0x00, 0x00, 0x00, 0x00, 0x00, 0x00, 0x00, 0x68, 0x00, 0x00, 0x00, 0x12,
  0x00, 0x00, 0x00, 0x0E, 0x00, 0x00, 0x00, 0x0E, 0x00, 0x00, 0x00, 0x12, 0x00, 0x00, 0x00, 0x00,
  0x00, 0x00, 0x00, 0x00, 0x00, 0x00, 0x00, 0x69, 0x00, 0x00, 0x00, 0x12, 0x00, 0x00, 0x00, 0x07,
  0x00, 0x00, 0x00, 0x07, 0x00, 0x00, 0x00, 0x12, 0x00, 0x00, 0x00, 0x00, 0x00, 0x00, 0x00, 0x00,
  0x00, 0x00, 0x00, 0x6A, 0x00, 0x00, 0x00, 0x17, 0x00, 0x00, 0x00, 0x08, 0x00, 0x00, 0x00, 0x07,
  0x00, 0x00, 0x00, 0x12, 0xFF, 0xFF, 0xFF, 0xFF, 0x00, 0x00, 0x00, 0x00, 0x00, 0x00, 0x00, 0x6B,
  0x00, 0x00, 0x00, 0x12, 0x00, 0x00, 0x00, 0x0E, 0x00, 0x00, 0x00, 0x0D, 0x00, 0x00, 0x00, 0x12,
  0x00, 0x00, 0x00, 0x00, 0x00, 0x00, 0x00, 0x00, 0x00, 0x00, 0x00, 0x6C, 0x00, 0x00, 0x00, 0x12,
  0x00, 0x00, 0x00, 0x07, 0x00, 0x00, 0x00, 0x07, 0x00, 0x00, 0x00, 0x12, 0x00, 0x00, 0x00, 0x00,
  0x00, 0x00, 0x00, 0x00, 0x00, 0x00, 0x00, 0x6D, 0x00, 0x00, 0x00, 0x0C, 0x00, 0x00, 0x00, 0x15,
  0x00, 0x00, 0x00, 0x15, 0x00, 0x00, 0x00, 0x0C, 0x00, 0x00, 0x00, 0x00, 0x00, 0x00, 0x00, 0x00,
  0x00, 0x00, 0x00, 0x6E, 0x00, 0x00, 0x00, 0x0C, 0x00, 0x00, 0x00, 0x0E, 0x00, 0x00, 0x00, 0x0E,
  0x00, 0x00, 0x00, 0x0C, 0x00, 0x00, 0x00, 0x00, 0x00, 0x00, 0x00, 0x00, 0x00, 0x00, 0x00, 0x6F,
  0x00, 0x00, 0x00, 0x0C, 0x00, 0x00, 0x00, 0x0E, 0x00, 0x00, 0x00, 0x0E, 0x00, 0x00, 0x00, 0x0C,
  0x00, 0x00, 0x00, 0x00, 0x00, 0x00, 0x00, 0x00, 0x00, 0x00, 0x00, 0x70, 0x00, 0x00, 0x00, 0x11,
  0x00, 0x00, 0x00, 0x0E, 0x00, 0x00, 0x00, 0x0E, 0x00, 0x00, 0x00, 0x0C, 0x00, 0x00, 0x00, 0x00,
  0x00, 0x00, 0x00, 0x00, 0x00, 0x00, 0x00, 0x71, 0x00, 0x00, 0x00, 0x11, 0x00, 0x00, 0x00, 0x0E,
  0x00, 0x00, 0x00, 0x0E, 0x00, 0x00, 0x00, 0x0C, 0x00, 0x00, 0x00, 0x00, 0x00, 0x00, 0x00, 0x00,
  0x00, 0x00, 0x00, 0x72, 0x00, 0x00, 0x00, 0x0C, 0x00, 0x00, 0x00, 0x09, 0x00, 0x00, 0x00, 0x09,
  0x00, 0x00, 0x00, 0x0C, 0x00, 0x00, 0x00, 0x00, 0x00, 0x00, 0x00, 0x00, 0x00, 0x00, 0x00, 0x73,
  0x00, 0x00, 0x00, 0x0C, 0x00, 0x00, 0x00, 0x0C, 0x00, 0x00, 0x00, 0x0C, 0x00, 0x00, 0x00, 0x0C,
  0x00, 0x00, 0x00, 0x00, 0x00, 0x00, 0x00, 0x00, 0x00, 0x00, 0x00, 0x74, 0x00, 0x00, 0x00, 0x10,
  0x00, 0x00, 0x00, 0x09, 0x00, 0x00, 0x00, 0x09, 0x00, 0x00, 0x00, 0x10, 0x00, 0x00, 0x00, 0x00,
  0x00, 0x00, 0x00, 0x00, 0x00, 0x00, 0x00, 0x75, 0x00, 0x00, 0x00, 0x0C, 0x00, 0x00, 0x00, 0x0E,
  0x00, 0x00, 0x00, 0x0E, 0x00, 0x00, 0x00, 0x0C, 0x00, 0x00, 0x00, 0x00, 0x00, 0x00, 0x00, 0x00,
  0x00, 0x00, 0x00, 0x76, 0x00, 0x00, 0x00, 0x0C, 0x00, 0x00, 0x00, 0x0D, 0x00, 0x00, 0x00, 0x0D,
  0x00, 0x00, 0x00, 0x0C, 0x00, 0x00, 0x00, 0x00, 0x00, 0x00, 0x00, 0x00, 0x00, 0x00, 0x00, 0x77,
  0x00, 0x00, 0x00, 0x0C, 0x00, 0x00, 0x00, 0x14, 0x00, 0x00, 0x00, 0x14, 0x00, 0x00, 0x00, 0x0C,
  0x00, 0x00, 0x00, 0x00, 0x00, 0x00, 0x00, 0x00, 0x00, 0x00, 0x00, 0x78, 0x00, 0x00, 0x00, 0x0C,
  0x00, 0x00, 0x00, 0x0D, 0x00, 0x00, 0x00, 0x0D, 0x00, 0x00, 0x00, 0x0C, 0x00, 0x00, 0x00, 0x00,
  0x00, 0x00, 0x00, 0x00, 0x00, 0x00, 0x00, 0x79, 0x00, 0x00, 0x00, 0x11, 0x00, 0x00, 0x00, 0x0D,
  0x00, 0x00, 0x00, 0x0D, 0x00, 0x00, 0x00, 0x0C, 0x00, 0x00, 0x00, 0x00, 0x00, 0x00, 0x00, 0x00,
  0x00, 0x00, 0x00, 0x7A, 0x00, 0x00, 0x00, 0x0C, 0x00, 0x00, 0x00, 0x0C, 0x00, 0x00, 0x00, 0x0C,
  0x00, 0x00, 0x00, 0x0C, 0x00, 0x00, 0x00, 0x00, 0x00, 0x00, 0x00, 0x00, 0x00, 0x00, 0x00, 0x7B,
  0x00, 0x00, 0x00, 0x15, 0x00, 0x00, 0x00, 0x09, 0x00, 0x00, 0x00, 0x09, 0x00, 0x00, 0x00, 0x12,
  0x00, 0x00, 0x00, 0x00, 0x00, 0x00, 0x00, 0x00, 0x00, 0x00, 0x00, 0x7C, 0x00, 0x00, 0x00, 0x15,
  0x00, 0x00, 0x00, 0x09, 0x00, 0x00, 0x00, 0x09, 0x00, 0x00, 0x00, 0x12, 0x00, 0x00, 0x00, 0x00,
  0x00, 0x00, 0x00, 0x00, 0x00, 0x00, 0x00, 0x7D, 0x00, 0x00, 0x00, 0x15, 0x00, 0x00, 0x00, 0x09,
  0x00, 0x00, 0x00, 0x09, 0x00, 0x00, 0x00, 0x12, 0x00, 0x00, 0x00, 0x00, 0x00, 0x00, 0x00, 0x00,
  0x00, 0x00, 0x00, 0x7E, 0x00, 0x00, 0x00, 0x09, 0x00, 0x00, 0x00, 0x0E, 0x00, 0x00, 0x00, 0x0E,
  0x00, 0x00, 0x00, 0x09, 0x00, 0x00, 0x00, 0x00, 0x00, 0x00, 0x00, 0x00, 0x00, 0x00, 0xE8, 0xFF,
  0xFF, 0x5C, 0x00, 0x00, 0x00, 0xE8, 0xFF, 0xFF, 0x5C, 0x00, 0x00, 0x00, 0xE8, 0xFF, 0xFF, 0x5C,
  0x00, 0x00, 0x00, 0xE8, 0xFF, 0xFF, 0x5C, 0x00, 0x00, 0x00, 0xE7, 0xFF, 0xFF, 0x5B, 0x00, 0x00,
  0x00, 0xD1, 0xFF, 0xFF, 0x45, 0x00, 0x00, 0x00, 0xAE, 0xFF, 0xFF, 0x24, 0x00, 0x00, 0x00, 0x8B,
  0xFF, 0xFD, 0x05, 0x00, 0x00, 0x00, 0x67, 0xFF, 0xE1, 0x00, 0x00, 0x00, 0x00, 0x44, 0xFF, 0xBF,
  0x00, 0x00, 0x00, 0x00, 0x21, 0xFF, 0x9E, 0x00, 0x00, 0x00, 0x00, 0x03, 0xFA, 0x7C, 0x00, 0x00,
  0x00, 0x00, 0x00, 0x00, 0x00, 0x00, 0x00, 0x00, 0x01, 0xA1, 0xF5, 0xD8, 0x2E, 0x00, 0x00, 0x2C,
  0xFF, 0xFF, 0xFF, 0x98, 0x00, 0x00, 0x2C, 0xFF, 0xFF, 0xFF, 0x98, 0x00, 0x00, 0x01, 0xA4, 0xF5,
  0xDA, 0x2F, 0x00, 0x00, 0x40, 0xFF, 0xFF, 0x7C, 0x00, 0x30, 0xFF, 0xFF, 0x8C, 0x00, 0x00, 0x40,
  0xFF, 0xFF, 0x7C, 0x00, 0x30, 0xFF, 0xFF, 0x8C, 0x00, 0x00, 0x40, 0xFF, 0xFF, 0x7C, 0x00, 0x30,
  0xFF, 0xFF, 0x8C, 0x00, 0x00, 0x40, 0xFF, 0xFF, 0x7C, 0x00, 0x30, 0xFF, 0xFF, 0x8C, 0x00, 0x00,
  0x40, 0xFF, 0xFF, 0x7C, 0x00, 0x30, 0xFF, 0xFF, 0x8C, 0x00, 0x00, 0x40, 0xFF, 0xFF, 0x7C, 0x00,
  0x30, 0xFF, 0xFF, 0x8C, 0x00, 0x00, 0x40, 0xFF, 0xFF, 0x7C, 0x00, 0x30, 0xFF, 0xFF, 0x8C, 0x00,
  0x00, 0x20, 0x80, 0x80, 0x3E, 0x00, 0x18, 0x80, 0x80, 0x46, 0x00, 0x00, 0x00, 0x00, 0x00, 0x00,
  0x00, 0x00, 0x00, 0x00, 0x00, 0x00, 0x00, 0x00, 0x00, 0x00, 0x00, 0x00, 0x00, 0x00, 0x00, 0x00,
  0x00, 0x00, 0x00, 0x00, 0x00, 0x00, 0x00, 0x00, 0x00, 0x00, 0x00, 0x00, 0x00, 0x00, 0x00, 0x00,
  0x00, 0x00, 0x00, 0x00, 0x00, 0x00, 0x00, 0x00, 0x00, 0x00, 0x00, 0x00, 0x00, 0x00, 0x00, 0x00,
  0x00, 0x00, 0x00, 0x00, 0x00, 0x00, 0x00, 0x00, 0x00, 0x00, 0x00, 0x00, 0x00, 0x00, 0x00, 0x00,
  0x00, 0x00, 0x00, 0x00, 0x00, 0x00, 0x00, 0x00, 0x00, 0x00, 0x00, 0x00, 0x00, 0x00, 0x00, 0x00,
  0x00, 0x00, 0x00, 0x00, 0x00, 0x00, 0x00, 0x00, 0x00, 0x00, 0x00, 0x00, 0x00, 0x00, 0x00, 0x00,
  0x00, 0x00, 0x00, 0x00, 0x00, 0x00, 0x00, 0x00, 0x00, 0x00, 0x00, 0x00, 0x00, 0x00, 0xB4, 0xFF,
  0x57, 0x00, 0x00, 0x00, 0xDF, 0xFF, 0x2C, 0x00, 0x00, 0x00, 0x00, 0x00, 0x00, 0x00, 0xDA, 0xFF,
  0x2F, 0x00, 0x00, 0x07, 0xFD, 0xFD, 0x08, 0x00, 0x00, 0x00, 0x00, 0x00, 0x00, 0x04, 0xFB, 0xFE,
  0x09, 0x00, 0x00, 0x2A, 0xFF, 0xDF, 0x00, 0x00, 0x00, 0x00, 0x00, 0x00, 0x00, 0x27, 0xFF, 0xDF,
  0x00, 0x00, 0x00, 0x50, 0xFF, 0xB9, 0x00, 0x00, 0x00, 0x00, 0x00, 0x00, 0x00, 0x4D, 0xFF, 0xB7,
  0x00, 0x00, 0x00, 0x75, 0xFF, 0x93, 0x00, 0x00, 0x00, 0x00, 0x50, 0xFF, 0xFF, 0xFF, 0xFF, 0xFF,
  0xFF, 0xFF, 0xFF, 0xFF, 0xFF, 0xFF, 0xFF, 0xFF, 0x20, 0x00, 0x50, 0xFF, 0xFF, 0xFF, 0xFF, 0xFF,
  0xFF, 0xFF, 0xFF, 0xFF, 0xFF, 0xFF, 0xFF, 0xFF, 0x20, 0x00, 0x00, 0x00, 0x00, 0xD2, 0xFF, 0x3F,
  0x00, 0x00, 0x02, 0xF5, 0xFF, 0x0E, 0x00, 0x00, 0x00, 0x00, 0x00, 0x00, 0x03, 0xF9, 0xFF, 0x11,
  0x00, 0x00, 0x26, 0xFF, 0xE1, 0x00, 0x00, 0x00, 0x00, 0x00, 0x00, 0x00, 0x28, 0xFF, 0xE1, 0x00,
  0x00, 0x00, 0x54, 0xFF, 0xB5, 0x00, 0x00, 0x00, 0x00, 0x00, 0x00, 0x00, 0x53, 0xFF, 0xB3, 0x00,
  0x00, 0x00, 0x81, 0xFF, 0x89, 0x00, 0x00, 0x00, 0x00, 0x60, 0xFF, 0xFF, 0xFF, 0xFF, 0xFF, 0xFF,
  0xFF, 0xFF, 0xFF, 0xFF, 0xFF, 0xFF, 0xFF, 0x10, 0x00, 0x60, 0xFF, 0xFF, 0xFF, 0xFF, 0xFF, 0xFF,
  0xFF, 0xFF, 0xFF, 0xFF, 0xFF, 0xFF, 0xFF, 0x10, 0x00, 0x00, 0x00, 0x00, 0xDC, 0xFF, 0x32, 0x00,
  0x00, 0x06, 0xFA, 0xFB, 0x07, 0x00, 0x00, 0x00, 0x00, 0x00, 0x00, 0x0C, 0xFE, 0xFA, 0x07, 0x00,
  0x00, 0x32, 0xFF, 0xD1, 0x00, 0x00, 0x00, 0x00, 0x00, 0x00, 0x00, 0x3A, 0xFF, 0xD0, 0x00, 0x00,
  0x00, 0x63, 0xFF, 0xA0, 0x00, 0x00, 0x00, 0x00, 0x00, 0x00, 0x00, 0x69, 0xFF, 0xA0, 0x00, 0x00,
  0x00, 0x94, 0xFF, 0x70, 0x00, 0x00, 0x00, 0x00, 0x00, 0x00, 0x00, 0x00, 0x00, 0x00, 0x00, 0xDC,
  0xFF, 0x84, 0x00, 0x00, 0x00, 0x00, 0x00, 0x00, 0x00, 0x00, 0x00, 0x00, 0x00, 0xDC, 0xFF, 0x84,
  0x00, 0x00, 0x00, 0x00, 0x00, 0x00, 0x00, 0x00, 0x22, 0x96, 0xD7, 0xFF, 0xFF, 0xFB, 0xD7, 0x94,
  0x2D, 0x00, 0x00, 0x00, 0x00, 0x5D, 0xF5, 0xFF, 0xFF, 0xFF, 0xFF, 0xFF, 0xFF, 0xFF, 0xFD, 0x82,
  0x00, 0x00, 0x24, 0xFA, 0xFF, 0xF2, 0x59, 0xA9, 0xFF, 0x5E, 0x6A, 0xF2, 0xFB, 0x64, 0x00, 0x00,
  0x7A, 0xFF, 0xFF, 0x7C, 0x00, 0xA4, 0xFF, 0x4C, 0x00, 0x2F, 0x43, 0x00, 0x00, 0x00, 0x96, 0xFF,
  0xFF, 0x54, 0x00, 0xA4, 0xFF, 0x4C, 0x00, 0x00, 0x00, 0x00, 0x00, 0x00, 0x80, 0xFF, 0xFF, 0x88,
  0x00, 0xA4, 0xFF, 0x4C, 0x00, 0x00, 0x00, 0x00, 0x00, 0x00, 0x2B, 0xFD, 0xFF, 0xFB, 0x80, 0xB4,
  0xFF, 0x4C, 0x00, 0x00, 0x00, 0x00, 0x00, 0x00, 0x00, 0x6C, 0xFD, 0xFF, 0xFF, 0xFF, 0xFF, 0xB3,
  0x52, 0x06, 0x00, 0x00, 0x00, 0x00, 0x00, 0x00, 0x34, 0xAA, 0xF7, 0xFF, 0xFF, 0xFF, 0xFF, 0xE8,
  0x60, 0x00, 0x00, 0x00, 0x00, 0x00, 0x00, 0x00, 0x08, 0xB3, 0xFF, 0xE2, 0xFF, 0xFF, 0xFF, 0x74,
  0x00, 0x00, 0x00, 0x00, 0x00, 0x00, 0x00, 0xA4, 0xFF, 0x4C, 0x56, 0xFE, 0xFF, 0xF5, 0x0B, 0x00,
  0x00, 0x00, 0x00, 0x00, 0x00, 0xA4, 0xFF, 0x4C, 0x00, 0xBD, 0xFF, 0xFF, 0x38, 0x00, 0x00, 0x00,
  0x00, 0x00, 0x00, 0xA4, 0xFF, 0x4C, 0x00, 0xA8, 0xFF, 0xFF, 0x38, 0x00, 0x06, 0xA7, 0x60, 0x00,
  0x00, 0xA4, 0xFF, 0x4C, 0x09, 0xE6, 0xFF, 0xF9, 0x0C, 0x01, 0xB8, 0xFF, 0xFF, 0xA6, 0x37, 0xA7,
  0xFF, 0x74, 0xB9, 0xFF, 0xFF, 0x91, 0x00, 0x00, 0x4A, 0xE9, 0xFF, 0xFF, 0xFF, 0xFF, 0xFF, 0xFF,
  0xFF, 0xFF, 0xB7, 0x09, 0x00, 0x00, 0x00, 0x0F, 0x71, 0xBF, 0xE9, 0xFF, 0xFF, 0xF0, 0xB3, 0x57,
  0x01, 0x00, 0x00, 0x00, 0x00, 0x00, 0x00, 0x00, 0x00, 0xDC, 0xFF, 0x84, 0x00, 0x00, 0x00, 0x00,
  0x00, 0x00, 0x00, 0x00, 0x00, 0x00, 0x00, 0xDC, 0xFF, 0x84, 0x00, 0x00, 0x00, 0x00, 0x00, 0x00,
  0x00, 0x16, 0x9B, 0xE6, 0xFA, 0xE3, 0x94, 0x0F, 0x00, 0x00, 0x00, 0x00, 0x00, 0x00, 0x68, 0xFF,
  0xFF, 0x60, 0x00, 0x00, 0x00, 0x00, 0x00, 0x09, 0xD7, 0xFF, 0xFF, 0xFF, 0xFF, 0xFF, 0xC9, 0x03,
  0x00, 0x00, 0x00, 0x00, 0x22, 0xF4, 0xFF, 0xB1, 0x00, 0x00, 0x00, 0x00, 0x00, 0x00, 0x64, 0xFF,
  0xFF, 0x74, 0x0C, 0x83, 0xFF, 0xFF, 0x4F, 0x00, 0x00, 0x00, 0x02, 0xC3, 0xFF, 0xEB, 0x17, 0x00,
  0x00, 0x00, 0x00, 0x00, 0x00, 0x9F, 0xFF, 0xFF, 0x09, 0x00, 0x19, 0xFF, 0xFF, 0x8A, 0x00, 0x00,
  0x00, 0x75, 0xFF, 0xFF, 0x54, 0x00, 0x00, 0x00, 0x00, 0x00, 0x00, 0x00, 0xB0, 0xFF, 0xFC, 0x00,
  0x00, 0x0C, 0xFF, 0xFF, 0x9B, 0x00, 0x00, 0x2B, 0xF8, 0xFF, 0xA4, 0x00, 0x00, 0x00, 0x00, 0x00,
  0x00, 0x00, 0x00, 0x9F, 0xFF, 0xFF, 0x09, 0x00, 0x19, 0xFF, 0xFF, 0x8A, 0x00, 0x05, 0xCD, 0xFF,
  0xE5, 0x11, 0x00, 0x00, 0x00, 0x00, 0x00, 0x00, 0x00, 0x00, 0x64, 0xFF, 0xFF, 0x74, 0x0B, 0x83,
  0xFF, 0xFF, 0x4F, 0x00, 0x82, 0xFF, 0xFF, 0x48, 0x00, 0x00, 0x00, 0x00, 0x00, 0x00, 0x00, 0x00,
  0x00, 0x0A, 0xD9, 0xFF, 0xFF, 0xFF, 0xFF, 0xFF, 0xCB, 0x04, 0x35, 0xFB, 0xFF, 0x98, 0x00, 0x00,
  0x00, 0x00, 0x00, 0x00, 0x00, 0x00, 0x00, 0x00, 0x00, 0x17, 0x9D, 0xE7, 0xFB, 0xE5, 0x96, 0x11,
  0x08, 0xD7, 0xFF, 0xDD, 0x0C, 0x0C, 0x8E, 0xE1, 0xFA, 0xE7, 0x9F, 0x19, 0x00, 0x00, 0x00, 0x00,
  0x00, 0x00, 0x00, 0x00, 0x00, 0x00, 0x00, 0x8F, 0xFF, 0xFD, 0x3D, 0x01, 0xBF, 0xFF, 0xFF, 0xFF,
  0xFF, 0xFF, 0xDC, 0x0D, 0x00, 0x00, 0x00, 0x00, 0x00, 0x00, 0x00, 0x00, 0x00, 0x3F, 0xFE, 0xFF,
  0x8B, 0x00, 0x44, 0xFF, 0xFF, 0x8A, 0x0C, 0x6B, 0xFF, 0xFF, 0x6E, 0x00, 0x00, 0x00, 0x00, 0x00,
  0x00, 0x00, 0x00, 0x0D, 0xDF, 0xFF, 0xD5, 0x07, 0x00, 0x7F, 0xFF, 0xFF, 0x20, 0x00, 0x02, 0xFA,
  0xFF, 0xAA, 0x00, 0x00, 0x00, 0x00, 0x00, 0x00, 0x00, 0x00, 0x9C, 0xFF, 0xFB, 0x33, 0x00, 0x00,
  0x90, 0xFF, 0xFF, 0x14, 0x00, 0x00, 0xF0, 0xFF, 0xBB, 0x00, 0x00, 0x00, 0x00, 0x00, 0x00, 0x00,
  0x4B, 0xFF, 0xFF, 0x7F, 0x00, 0x00, 0x00, 0x7F, 0xFF, 0xFF, 0x20, 0x00, 0x02, 0xFA, 0xFF, 0xAA,
  0x00, 0x00, 0x00, 0x00, 0x00, 0x00, 0x13, 0xE7, 0xFF, 0xCC, 0x04, 0x00, 0x00, 0x00, 0x44, 0xFF,
  0xFF, 0x89, 0x0B, 0x6A, 0xFF, 0xFF, 0x6E, 0x00, 0x00, 0x00, 0x00, 0x00, 0x00, 0xA9, 0xFF, 0xF7,
  0x2A, 0x00, 0x00, 0x00, 0x00, 0x01, 0xC2, 0xFF, 0xFF, 0xFF, 0xFF, 0xFF, 0xDE, 0x0E, 0x00, 0x00,
  0x00, 0x00, 0x00, 0x58, 0xFF, 0xFF, 0x73, 0x00, 0x00, 0x00, 0x00, 0x00, 0x00, 0x0D, 0x90, 0xE3,
  0xFB, 0xE9, 0xA1, 0x1B, 0x00, 0x00, 0x00, 0x00, 0x00, 0x00, 0x16, 0x91, 0xE0, 0xFA, 0xEE, 0xB3,
  0x3A, 0x00, 0x00, 0x00, 0x00, 0x00, 0x00, 0x00, 0x00, 0x00, 0x34, 0xF0, 0xFF, 0xFF, 0xFF, 0xFF,
  0xFF, 0xFF, 0x6D, 0x00, 0x00, 0x00, 0x00, 0x00, 0x00, 0x00, 0x00, 0xCE, 0xFF, 0xFF, 0x6B, 0x0B,
  0x4B, 0xF8, 0xFF, 0xF7, 0x10, 0x00, 0x00, 0x00, 0x00, 0x00, 0x00, 0x16, 0xFF, 0xFF, 0xDE, 0x00,
  0x00, 0x00, 0xB5, 0xFF, 0xFF, 0x3B, 0x00, 0x00, 0x00, 0x00, 0x00, 0x00, 0x12, 0xFF, 0xFF, 0xE6,
  0x01, 0x00, 0x00, 0xC6, 0xFF, 0xFF, 0x28, 0x00, 0x00, 0x00, 0x00, 0x00, 0x00, 0x00, 0xD1, 0xFF,
  0xFF, 0x58, 0x00, 0x54, 0xFF, 0xFF, 0xBF, 0x00, 0x00, 0x00, 0x00, 0x00, 0x00, 0x00, 0x00, 0x47,
  0xFE, 0xFF, 0xEE, 0x80, 0xFA, 0xFF, 0xDE, 0x21, 0x00, 0x00, 0x00, 0x00, 0x00, 0x00, 0x00, 0x00,
  0x00, 0x90, 0xFF, 0xFF, 0xFF, 0xFF, 0xB2, 0x17, 0x00, 0x00, 0x00, 0x00, 0x00, 0x00, 0x00, 0x00,
  0x00, 0x51, 0xE6, 0xFF, 0xFF, 0xFF, 0xF4, 0x24, 0x00, 0x00, 0x00, 0x00, 0x00, 0x00, 0x00, 0x00,
  0x00, 0x6E, 0xFE, 0xFF, 0xD7, 0xA0, 0xFF, 0xFF, 0xD8, 0x10, 0x00, 0xA2, 0xFF, 0xFF, 0xFF, 0x38,
  0x00, 0x29, 0xFA, 0xFF, 0xE9, 0x17, 0x02, 0xAD, 0xFF, 0xFF, 0xBB, 0x04, 0xD8, 0xFF, 0xFF, 0xFF,
  0x38, 0x00, 0x8A, 0xFF, 0xFF, 0x91, 0x00, 0x00, 0x09, 0xC7, 0xFF, 0xFF, 0xBC, 0xFF, 0xFF, 0x79,
  0x00, 0x00, 0x00, 0xA2, 0xFF, 0xFF, 0x84, 0x00, 0x00, 0x00, 0x15, 0xDC, 0xFF, 0xFF, 0xFF, 0xF5,
  0x19, 0x00, 0x00, 0x00, 0x83, 0xFF, 0xFF, 0xBF, 0x00, 0x00, 0x00, 0x00, 0x31, 0xFE, 0xFF, 0xFF,
  0xC4, 0x01, 0x00, 0x00, 0x00, 0x29, 0xFC, 0xFF, 0xFF, 0x8E, 0x1E, 0x08, 0x3D, 0xD4, 0xFF, 0xFF,
  0xFF, 0xFF, 0x94, 0x00, 0x00, 0x00, 0x00, 0x68, 0xFC, 0xFF, 0xFF, 0xFF, 0xFF, 0xFF, 0xFF, 0xF1,
  0x6C, 0xEB, 0xFF, 0xFF, 0x7F, 0x00, 0x00, 0x00, 0x00, 0x31, 0xA1, 0xE0, 0xF9, 0xF0, 0xCF, 0x83,
  0x16, 0x00, 0x47, 0xFE, 0xFF, 0xFF, 0x6A, 0x00, 0x40, 0xFF, 0xFF, 0x7C, 0x00, 0x00, 0x40, 0xFF,
  0xFF, 0x7C, 0x00, 0x00, 0x40, 0xFF, 0xFF, 0x7C, 0x00, 0x00, 0x40, 0xFF, 0xFF, 0x7C, 0x00, 0x00,
  0x40, 0xFF, 0xFF, 0x7C, 0x00, 0x00, 0x40, 0xFF, 0xFF, 0x7C, 0x00, 0x00, 0x40, 0xFF, 0xFF, 0x7C,
  0x00, 0x00, 0x20, 0x80, 0x80, 0x3E, 0x00, 0x00, 0x00, 0x00, 0x00, 0x00, 0x00, 0x00, 0x00, 0x00,
  0x00, 0x00, 0x00, 0x00, 0x00, 0x00, 0x00, 0x00, 0x00, 0x00, 0x00, 0x00, 0x00, 0x00, 0x00, 0x00,
  0x00, 0x00, 0x00, 0x00, 0x00, 0x00, 0x00, 0x00, 0x00, 0x00, 0x00, 0x00, 0x00, 0x00, 0x00, 0x00,
  0x00, 0x00, 0x00, 0x00, 0x00, 0x00, 0x00, 0x00, 0x00, 0x00, 0x00, 0x00, 0x00, 0x00, 0x00, 0x00,
  0x00, 0x00, 0x00, 0x00, 0x00, 0x00, 0x00, 0x2C, 0xE9, 0xFF, 0xD1, 0x0F, 0x00, 0x00, 0x00, 0x14,
  0xE2, 0xFF, 0xE1, 0x1A, 0x00, 0x00, 0x00, 0x00, 0x9B, 0xFF, 0xFF, 0x41, 0x00, 0x00, 0x00, 0x00,
  0x2A, 0xFC, 0xFF, 0xAE, 0x00, 0x00, 0x00, 0x00, 0x00, 0xA3, 0xFF, 0xFF, 0x2B, 0x00, 0x00, 0x00,
  0x00, 0x04, 0xEF, 0xFF, 0xD3, 0x00, 0x00, 0x00, 0x00, 0x00, 0x43, 0xFF, 0xFF, 0x7E, 0x00, 0x00,
  0x00, 0x00, 0x00, 0x84, 0xFF, 0xFF, 0x45, 0x00, 0x00, 0x00, 0x00, 0x00, 0xAB, 0xFF, 0xFF, 0x23,
  0x00, 0x00, 0x00, 0x00, 0x00, 0xC1, 0xFF, 0xFF, 0x16, 0x00, 0x00, 0x00, 0x00, 0x00, 0xC9, 0xFF,
  0xFF, 0x14, 0x00, 0x00, 0x00, 0x00, 0x00, 0xC0, 0xFF, 0xFF, 0x16, 0x00, 0x00, 0x00, 0x00, 0x00,
  0xAB, 0xFF, 0xFF, 0x23, 0x00, 0x00, 0x00, 0x00, 0x00, 0x84, 0xFF, 0xFF, 0x43, 0x00, 0x00, 0x00,
  0x00, 0x00, 0x43, 0xFF, 0xFF, 0x7B, 0x00, 0x00, 0x00, 0x00, 0x00, 0x04, 0xEF, 0xFF, 0xD1, 0x00,
  0x00, 0x00, 0x00, 0x00, 0x00, 0xA3, 0xFF, 0xFF, 0x29, 0x00, 0x00, 0x00, 0x00, 0x00, 0x2A, 0xFC,
  0xFF, 0xAB, 0x00, 0x00, 0x00, 0x00, 0x00, 0x00, 0x9C, 0xFF, 0xFF, 0x41, 0x00, 0x00, 0x00, 0x00,
  0x00, 0x16, 0xE4, 0xFF, 0xDF, 0x19, 0x00, 0x00, 0x00, 0x00, 0x00, 0x2F, 0xEA, 0xFF, 0xD0, 0x0F,
  0x00, 0xC2, 0xFF, 0xF1, 0x3A, 0x00, 0x00, 0x00, 0x00, 0x00, 0x11, 0xD5, 0xFF, 0xEC, 0x1F, 0x00,
  0x00, 0x00, 0x00, 0x00, 0x30, 0xFD, 0xFF, 0xAE, 0x00, 0x00, 0x00, 0x00, 0x00, 0x00, 0x9B, 0xFF,
  0xFF, 0x3A, 0x00, 0x00, 0x00, 0x00, 0x00, 0x19, 0xFA, 0xFF, 0xB7, 0x00, 0x00, 0x00, 0x00, 0x00,
  0x00, 0xB0, 0xFF, 0xF9, 0x0E, 0x00, 0x00, 0x00, 0x00, 0x00, 0x65, 0xFF, 0xFF, 0x56, 0x00, 0x00,
  0x00, 0x00, 0x00, 0x30, 0xFF, 0xFF, 0x99, 0x00, 0x00, 0x00, 0x00, 0x00, 0x0D, 0xFF, 0xFF, 0xC1,
  0x00, 0x00, 0x00, 0x00, 0x00, 0x01, 0xFE, 0xFF, 0xD7, 0x00, 0x00, 0x00, 0x00, 0x00, 0x00, 0xFC,
  0xFF, 0xE0, 0x00, 0x00, 0x00, 0x00, 0x00, 0x00, 0xFD, 0xFF, 0xD6, 0x00, 0x00, 0x00, 0x00, 0x00,
  0x0C, 0xFF, 0xFF, 0xC0, 0x00, 0x00, 0x00, 0x00, 0x00, 0x2E, 0xFF, 0xFF, 0x98, 0x00, 0x00, 0x00,
  0x00, 0x00, 0x62, 0xFF, 0xFF, 0x56, 0x00, 0x00, 0x00, 0x00, 0x00, 0xAB, 0xFF, 0xF9, 0x0E, 0x00,
  0x00, 0x00, 0x00, 0x14, 0xF8, 0xFF, 0xB6, 0x00, 0x00, 0x00, 0x00, 0x00, 0x94, 0xFF, 0xFF, 0x3B,
  0x00, 0x00, 0x00, 0x00, 0x2D, 0xFC, 0xFF, 0xAF, 0x00, 0x00, 0x00, 0x00, 0x0F, 0xD2, 0xFF, 0xEE,
  0x21, 0x00, 0x00, 0x00, 0x00, 0xC0, 0xFF, 0xF1, 0x3C, 0x00, 0x00, 0x00, 0x00, 0x00, 0x00, 0x00,
  0x00, 0x00, 0xA6, 0xFF, 0xFD, 0x00, 0x00, 0x00, 0x00, 0x00, 0x00, 0x00, 0x00, 0x00, 0x00, 0x98,
  0xFF, 0xF2, 0x00, 0x00, 0x00, 0x00, 0x00, 0x00, 0x1F, 0x0A, 0x00, 0x00, 0x8B, 0xFF, 0xE7, 0x00,
  0x00, 0x00, 0x29, 0x00, 0x00, 0xAD, 0xF1, 0x95, 0x2F, 0x7E, 0xFF, 0xDB, 0x12, 0x70, 0xD7, 0xF7,
  0x0D, 0x0C, 0xF6, 0xFF, 0xFF, 0xFF, 0xEE, 0xFF, 0xF7, 0xF7, 0xFF, 0xFF, 0xFF, 0x5B, 0x04, 0x45,
  0x90, 0xDB, 0xFF, 0xFF, 0xFF, 0xFF, 0xFF, 0xF0, 0xAA, 0x5F, 0x14, 0x00, 0x00, 0x00, 0x00, 0x73,
  0xFF, 0xFF, 0xFF, 0xC5, 0x05, 0x00, 0x00, 0x00, 0x00, 0x00, 0x00, 0x2B, 0xF2, 0xFF, 0xDA, 0xFF,
  0xFF, 0x75, 0x00, 0x00, 0x00, 0x00, 0x00, 0x12, 0xDC, 0xFF, 0xEE, 0x19, 0xAE, 0xFF, 0xFD, 0x49,
  0x00, 0x00, 0x00, 0x00, 0xA0, 0xFF, 0xFF, 0x5D, 0x00, 0x16, 0xEB, 0xFF, 0xEA, 0x0D, 0x00, 0x00,
  0x00, 0x0F, 0xA1, 0xB3, 0x00, 0x00, 0x00, 0x57, 0xD1, 0x30, 0x00, 0x00, 0x00, 0x00, 0x00, 0x00,
  0x06, 0x00, 0x00, 0x00, 0x00, 0x04, 0x00, 0x00, 0x00, 0x00, 0x00, 0x00, 0x00, 0x00, 0x00, 0x00,
  0x00, 0x00, 0x00, 0x00, 0x00, 0x00, 0x00, 0x00, 0x00, 0x00, 0x00, 0x00, 0x00, 0x00, 0x00, 0x00,
  0x00, 0x00, 0x00, 0x00, 0x00, 0x00, 0x00, 0x00, 0x00, 0x00, 0x00, 0x00, 0x00, 0x00, 0x00, 0x00,
  0x00, 0x00, 0x00, 0x00, 0x00, 0x00, 0x00, 0x00, 0x00, 0x00, 0x00, 0x00, 0x00, 0x00, 0x00, 0x00,
  0x00, 0x00, 0x00, 0x00, 0x00, 0x00, 0x00, 0x00, 0x00, 0x00, 0x00, 0x00, 0x00, 0x00, 0x00, 0x00,
  0x00, 0x00, 0x00, 0x00, 0x00, 0x00, 0x00, 0x00, 0x00, 0x00, 0x00, 0x00, 0x15, 0x9C, 0x9C, 0x55,
  0x00, 0x00, 0x00, 0x00, 0x00, 0x00, 0x00, 0x00, 0x00, 0x00, 0x24, 0xFF, 0xFF, 0x8C, 0x00, 0x00,
  0x00, 0x00, 0x00, 0x00, 0x00, 0x00, 0x00, 0x00, 0x24, 0xFF, 0xFF, 0x8C, 0x00, 0x00, 0x00, 0x00,
  0x00, 0x00, 0x00, 0x00, 0x00, 0x00, 0x24, 0xFF, 0xFF, 0x8C, 0x00, 0x00, 0x00, 0x00, 0x00, 0x00,
  0x00, 0x00, 0x00, 0x00, 0x24, 0xFF, 0xFF, 0x8C, 0x00, 0x00, 0x00, 0x00, 0x00, 0x00, 0x64, 0xFF,
  0xFF, 0xFF, 0xFF, 0xFF, 0xFF, 0xFF, 0xFF, 0xFF, 0xFF, 0xCC, 0x00, 0x00, 0x64, 0xFF, 0xFF, 0xFF,
  0xFF, 0xFF, 0xFF, 0xFF, 0xFF, 0xFF, 0xFF, 0xCC, 0x00, 0x00, 0x00, 0x00, 0x00, 0x00, 0x24, 0xFF,
  0xFF, 0x8C, 0x00, 0x00, 0x00, 0x00, 0x00, 0x00, 0x00, 0x00, 0x00, 0x00, 0x24, 0xFF, 0xFF, 0x8C,
  0x00, 0x00, 0x00, 0x00, 0x00, 0x00, 0x00, 0x00, 0x00, 0x00, 0x24, 0xFF, 0xFF, 0x8C, 0x00, 0x00,
  0x00, 0x00, 0x00, 0x00, 0x00, 0x00, 0x00, 0x00, 0x24, 0xFF, 0xFF, 0x8C, 0x00, 0x00, 0x00, 0x00,
  0x00, 0x00, 0x00, 0x00, 0x00, 0x00, 0x14, 0x94, 0x94, 0x50, 0x00, 0x00, 0x00, 0x00, 0x00, 0x00,
  0x00, 0x00, 0x00, 0x00, 0x00, 0x00, 0x00, 0x00, 0x00, 0x00, 0x00, 0x00, 0x00, 0x00, 0x06, 0xB5,
  0xF6, 0xC9, 0x18, 0x00, 0x00, 0x4A, 0xFF, 0xFF, 0xFF, 0x73, 0x00, 0x00, 0x4D, 0xFF, 0xFF, 0xFF,
  0x73, 0x00, 0x00, 0x0B, 0xC3, 0xFF, 0xFF, 0x48, 0x00, 0x00, 0x00, 0x32, 0xFE, 0xE8, 0x05, 0x00,
  0x00, 0x03, 0xC0, 0xFF, 0x5D, 0x00, 0x00, 0x02, 0x9D, 0xFF, 0x8C, 0x00, 0x00, 0x00, 0x00, 0x9C,
  0xFF, 0xFF, 0xFF, 0xFF, 0xFF, 0xFF, 0x40, 0x00, 0x00, 0x9C, 0xFF, 0xFF, 0xFF, 0xFF, 0xFF, 0xFF,
  0x40, 0x00, 0x00, 0x9C, 0xFF, 0xFF, 0xFF, 0xFF, 0xFF, 0xFF, 0x40, 0x00, 0x00, 0x00, 0x00, 0x00,
  0x00, 0x00, 0x00, 0x00, 0x00, 0x00, 0x00, 0x00, 0x00, 0x00, 0x00, 0x00, 0x00, 0x00, 0x00, 0x00,
  0x00, 0x00, 0x00, 0x00, 0x00, 0x00, 0x00, 0x00, 0x00, 0x00, 0x00, 0x00, 0x00, 0x00, 0x00, 0x00,
  0x00, 0x00, 0x00, 0x00, 0x00, 0x00, 0x00, 0x00, 0x00, 0x00, 0x00, 0x00, 0x00, 0x00, 0x00, 0x00,
  0x00, 0x00, 0x00, 0x00, 0x00, 0x00, 0x00, 0x00, 0x00, 0x06, 0xB3, 0xF5, 0xC8, 0x16, 0x00, 0x00,
  0x4A, 0xFF, 0xFF, 0xFF, 0x72, 0x00, 0x00, 0x4B, 0xFF, 0xFF, 0xFF, 0x73, 0x00, 0x00, 0x07, 0xB5,
  0xF6, 0xCA, 0x17, 0x00, 0x00, 0x00, 0x00, 0x00, 0x00, 0x00, 0x24, 0xFF, 0xFF, 0x6B, 0x00, 0x00,
  0x00, 0x00, 0x00, 0x00, 0x75, 0xFF, 0xFF, 0x1C, 0x00, 0x00, 0x00, 0x00, 0x00, 0x00, 0xC5, 0xFF,
  0xCB, 0x00, 0x00, 0x00, 0x00, 0x00, 0x00, 0x16, 0xFD, 0xFF, 0x7B, 0x00, 0x00, 0x00, 0x00, 0x00,
  0x00, 0x65, 0xFF, 0xFF, 0x2B, 0x00, 0x00, 0x00, 0x00, 0x00, 0x00, 0xB5, 0xFF, 0xDA, 0x00, 0x00,
  0x00, 0x00, 0x00, 0x00, 0x0C, 0xF8, 0xFF, 0x8A, 0x00, 0x00, 0x00, 0x00, 0x00, 0x00, 0x56, 0xFF,
  0xFF, 0x3A, 0x00, 0x00, 0x00, 0x00, 0x00, 0x00, 0xA6, 0xFF, 0xE8, 0x02, 0x00, 0x00, 0x00, 0x00,
  0x00, 0x05, 0xF0, 0xFF, 0x9A, 0x00, 0x00, 0x00, 0x00, 0x00, 0x00, 0x46, 0xFF, 0xFF, 0x49, 0x00,
  0x00, 0x00, 0x00, 0x00, 0x00, 0x97, 0xFF, 0xF2, 0x07, 0x00, 0x00, 0x00, 0x00, 0x00, 0x01, 0xE5,
  0xFF, 0xA9, 0x00, 0x00, 0x00, 0x00, 0x00, 0x00, 0x37, 0xFF, 0xFF, 0x59, 0x00, 0x00, 0x00, 0x00,
  0x00, 0x00, 0x87, 0xFF, 0xFA, 0x0F, 0x00, 0x00, 0x00, 0x00, 0x00, 0x00, 0xD7, 0xFF, 0xB9, 0x00,
  0x00, 0x00, 0x00, 0x00, 0x00, 0x27, 0xFF, 0xFF, 0x68, 0x00, 0x00, 0x00, 0x00, 0x00, 0x00, 0x78,
  0xFF, 0xFE, 0x1A, 0x00, 0x00, 0x00, 0x00, 0x00, 0x00, 0xC8, 0xFF, 0xC8, 0x00, 0x00, 0x00, 0x00,
  0x00, 0x00, 0x19, 0xFE, 0xFF, 0x78, 0x00, 0x00, 0x00, 0x00, 0x00, 0x00, 0x68, 0xFF, 0xFF, 0x28,
  0x00, 0x00, 0x00, 0x00, 0x00, 0x00, 0xB8, 0xFF, 0xD8, 0x00, 0x00, 0x00, 0x00, 0x00, 0x00, 0x00,
  0x00, 0x00, 0x00, 0x04, 0x6C, 0xC6, 0xEE, 0xF7, 0xDD, 0x98, 0x22, 0x00, 0x00, 0x00, 0x00, 0x00,
  0x0E, 0xC8, 0xFF, 0xFF, 0xFF, 0xFF, 0xFF, 0xFF, 0xF5, 0x46, 0x00, 0x00, 0x00, 0x00, 0xAB, 0xFF,
  0xFF, 0xA0, 0x1B, 0x09, 0x57, 0xF5, 0xFF, 0xF1, 0x18, 0x00, 0x00, 0x32, 0xFF, 0xFF, 0xE4, 0x04,
  0x00, 0x00, 0x00, 0x85, 0xFF, 0xFF, 0x8F, 0x00, 0x00, 0x8A, 0xFF, 0xFF, 0x95, 0x00, 0x00, 0x00,
  0x00, 0x32, 0xFF, 0xFF, 0xE7, 0x02, 0x00, 0xC5, 0xFF, 0xFF, 0x6B, 0x00, 0x00, 0x00, 0x00, 0x08,
  0xFF, 0xFF, 0xFF, 0x27, 0x00, 0xED, 0xFF, 0xFF, 0x57, 0x00, 0x00, 0x00, 0x00, 0x00, 0xF3, 0xFF,
  0xFF, 0x50, 0x01, 0xFE, 0xFF, 0xFF, 0x50, 0x00, 0x00, 0x00, 0x00, 0x00, 0xEC, 0xFF, 0xFF, 0x62,
  0x09, 0xFF, 0xFF, 0xFF, 0x50, 0x00, 0x00, 0x00, 0x00, 0x00, 0xEC, 0xFF, 0xFF, 0x6C, 0x01, 0xFE,
  0xFF, 0xFF, 0x50, 0x00, 0x00, 0x00, 0x00, 0x00, 0xEC, 0xFF, 0xFF, 0x62, 0x00, 0xEE, 0xFF, 0xFF,
  0x57, 0x00, 0x00, 0x00, 0x00, 0x00, 0xF3, 0xFF, 0xFF, 0x50, 0x00, 0xC6, 0xFF, 0xFF, 0x6B, 0x00,
  0x00, 0x00, 0x00, 0x08, 0xFF, 0xFF, 0xFF, 0x27, 0x00, 0x8B, 0xFF, 0xFF, 0x95, 0x00, 0x00, 0x00,
  0x00, 0x32, 0xFF, 0xFF, 0xE8, 0x02, 0x00, 0x33, 0xFF, 0xFF, 0xE4, 0x04, 0x00, 0x00, 0x00, 0x85,
  0xFF, 0xFF, 0x90, 0x00, 0x00, 0x00, 0xAB, 0xFF, 0xFF, 0xA0, 0x1B, 0x09, 0x57, 0xF5, 0xFF, 0xF2,
  0x18, 0x00, 0x00, 0x00, 0x0E, 0xC8, 0xFF, 0xFF, 0xFF, 0xFF, 0xFF, 0xFF, 0xF5, 0x47, 0x00, 0x00,
  0x00, 0x00, 0x00, 0x04, 0x6D, 0xC7, 0xEF, 0xF8, 0xDE, 0x98, 0x23, 0x00, 0x00, 0x00, 0x00, 0x00,
  0x00, 0x00, 0x50, 0xFE, 0xFF, 0xFF, 0xFF, 0xE4, 0x00, 0x00, 0x00, 0x00, 0x00, 0x00, 0x00, 0x2F,
  0xF4, 0xFF, 0xFF, 0xFF, 0xFF, 0xE4, 0x00, 0x00, 0x00, 0x00, 0x00, 0x00, 0x16, 0xE1, 0xFF, 0xFF,
  0xA4, 0xFF, 0xFF, 0xE4, 0x00, 0x00, 0x00, 0x00, 0x00, 0x07, 0xC5, 0xFF, 0xFF, 0xA2, 0x34, 0xFF,
  0xFF, 0xE4, 0x00, 0x00, 0x00, 0x00, 0x00, 0xA1, 0xFF, 0xFF, 0xD1, 0x0A, 0x34, 0xFF, 0xFF, 0xE4,
  0x00, 0x00, 0x00, 0x00, 0x00, 0x8E, 0xFF, 0xF0, 0x24, 0x00, 0x34, 0xFF, 0xFF, 0xE4, 0x00, 0x00,
  0x00, 0x00, 0x00, 0x00, 0x90, 0x50, 0x00, 0x00, 0x34, 0xFF, 0xFF, 0xE4, 0x00, 0x00, 0x00, 0x00,
  0x00, 0x00, 0x00, 0x00, 0x00, 0x00, 0x34, 0xFF, 0xFF, 0xE4, 0x00, 0x00, 0x00, 0x00, 0x00, 0x00,
  0x00, 0x00, 0x00, 0x00, 0x34, 0xFF, 0xFF, 0xE4, 0x00, 0x00, 0x00, 0x00, 0x00, 0x00, 0x00, 0x00,
  0x00, 0x00, 0x34, 0xFF, 0xFF, 0xE4, 0x00, 0x00, 0x00, 0x00, 0x00, 0x00, 0x00, 0x00, 0x00, 0x00,
  0x34, 0xFF, 0xFF, 0xE4, 0x00, 0x00, 0x00, 0x00, 0x00, 0x00, 0x00, 0x00, 0x00, 0x00, 0x34, 0xFF,
  0xFF, 0xE4, 0x00, 0x00, 0x00, 0x00, 0x00, 0x00, 0x00, 0x00, 0x00, 0x00, 0x34, 0xFF, 0xFF, 0xE4,
  0x00, 0x00, 0x00, 0x00, 0x00, 0x00, 0x00, 0x00, 0x00, 0x00, 0x34, 0xFF, 0xFF, 0xE4, 0x00, 0x00,
  0x00, 0x00, 0x00, 0x00, 0x00, 0x00, 0x00, 0x00, 0x34, 0xFF, 0xFF, 0xE4, 0x00, 0x00, 0x00, 0x00,
  0x00, 0x00, 0xD0, 0xFF, 0xFF, 0xFF, 0xFF, 0xFF, 0xFF, 0xFF, 0xFF, 0xFF, 0xFF, 0xBC, 0x00, 0x00,
  0xD0, 0xFF, 0xFF, 0xFF, 0xFF, 0xFF, 0xFF, 0xFF, 0xFF, 0xFF, 0xFF, 0xBC, 0x00, 0x00, 0x00, 0x38,
  0x9A, 0xDC, 0xF7, 0xF8, 0xDE, 0x9B, 0x29, 0x00, 0x00, 0x00, 0x00, 0x00, 0x85, 0xFF, 0xFF, 0xFF,
  0xFF, 0xFF, 0xFF, 0xFF, 0xF8, 0x52, 0x00, 0x00, 0x00, 0x55, 0xFF, 0xFF, 0xF0, 0x59, 0x0F, 0x1F,
  0xA8, 0xFF, 0xFF, 0xF5, 0x1A, 0x00, 0x00, 0x6C, 0xEA, 0xFF, 0x5F, 0x00, 0x00, 0x00, 0x06, 0xE3,
  0xFF, 0xFF, 0x78, 0x00, 0x00, 0x00, 0x05, 0x50, 0x05, 0x00, 0x00, 0x00, 0x00, 0xB1, 0xFF, 0xFF,
  0xA2, 0x00, 0x00, 0x00, 0x00, 0x00, 0x00, 0x00, 0x00, 0x00, 0x00, 0xB7, 0xFF, 0xFF, 0x9C, 0x00,
  0x00, 0x00, 0x00, 0x00, 0x00, 0x00, 0x00, 0x00, 0x03, 0xE6, 0xFF, 0xFF, 0x61, 0x00, 0x00, 0x00,
  0x00, 0x00, 0x00, 0x00, 0x00, 0x00, 0x5A, 0xFF, 0xFF, 0xDC, 0x06, 0x00, 0x00, 0x00, 0x00, 0x00,
  0x00, 0x00, 0x00, 0x1B, 0xEB, 0xFF, 0xFA, 0x43, 0x00, 0x00, 0x00, 0x00, 0x00, 0x00, 0x00, 0x00,
  0x0E, 0xD1, 0xFF, 0xFB, 0x56, 0x00, 0x00, 0x00, 0x00, 0x00, 0x00, 0x00, 0x00, 0x15, 0xCC, 0xFF,
  0xF1, 0x46, 0x00, 0x00, 0x00, 0x00, 0x00, 0x00, 0x00, 0x00, 0x20, 0xD9, 0xFF, 0xF1, 0x32, 0x00,
  0x00, 0x00, 0x00, 0x00, 0x00, 0x00, 0x00, 0x2C, 0xE5, 0xFF, 0xF7, 0x3F, 0x00, 0x00, 0x00, 0x00,
  0x00, 0x00, 0x00, 0x00, 0x3B, 0xEE, 0xFF, 0xFC, 0x50, 0x00, 0x00, 0x00, 0x00, 0x00, 0x00, 0x00,
  0x00, 0x42, 0xF6, 0xFF, 0xFF, 0x62, 0x00, 0x00, 0x00, 0x00, 0x00, 0x00, 0x00, 0x00, 0x00, 0x84,
  0xFF, 0xFF, 0xFF, 0xFF, 0xFF, 0xFF, 0xFF, 0xFF, 0xFF, 0xFF, 0xFF, 0x1C, 0x00, 0x84, 0xFF, 0xFF,
  0xFF, 0xFF, 0xFF, 0xFF, 0xFF, 0xFF, 0xFF, 0xFF, 0xFF, 0x1C, 0x00, 0x00, 0x08, 0x6A, 0xBA, 0xE3,
  0xF9, 0xF3, 0xCF, 0x88, 0x1A, 0x00, 0x00, 0x00, 0x00, 0x2C, 0xDE, 0xFF, 0xFF, 0xFF, 0xFF, 0xFF,
  0xFF, 0xFF, 0xF2, 0x43, 0x00, 0x00, 0x00, 0x74, 0xFF, 0xFF, 0xAD, 0x31, 0x09, 0x2B, 0xC0, 0xFF,
  0xFF, 0xEC, 0x0D, 0x00, 0x00, 0x00, 0x66, 0x97, 0x00, 0x00, 0x00, 0x00, 0x1B, 0xFF, 0xFF, 0xFF,
  0x51, 0x00, 0x00, 0x00, 0x00, 0x00, 0x00, 0x00, 0x00, 0x00, 0x00, 0xEF, 0xFF, 0xFF, 0x58, 0x00,
  0x00, 0x00, 0x00, 0x00, 0x00, 0x00, 0x00, 0x00, 0x1B, 0xFF, 0xFF, 0xFE, 0x25, 0x00, 0x00, 0x00,
  0x00, 0x00, 0x00, 0x00, 0x08, 0x34, 0xC5, 0xFF, 0xFF, 0x89, 0x00, 0x00, 0x00, 0x00, 0x00, 0x00,
  0x60, 0xFF, 0xFF, 0xFF, 0xFF, 0xC5, 0x58, 0x00, 0x00, 0x00, 0x00, 0x00, 0x00, 0x00, 0x60, 0xFF,
  0xFF, 0xFF, 0xFF, 0xE3, 0x85, 0x07, 0x00, 0x00, 0x00, 0x00, 0x00, 0x00, 0x00, 0x00, 0x09, 0x32,
  0xB5, 0xFF, 0xFF, 0xC4, 0x02, 0x00, 0x00, 0x00, 0x00, 0x00, 0x00, 0x00, 0x00, 0x00, 0x08, 0xDF,
  0xFF, 0xFF, 0x61, 0x00, 0x00, 0x00, 0x00, 0x00, 0x00, 0x00, 0x00, 0x00, 0x00, 0xA5, 0xFF, 0xFF,
  0xA5, 0x00, 0x00, 0x00, 0x16, 0x02, 0x00, 0x00, 0x00, 0x00, 0x00, 0xAC, 0xFF, 0xFF, 0xA7, 0x00,
  0x00, 0x40, 0xE7, 0x79, 0x00, 0x00, 0x00, 0x00, 0x0A, 0xE6, 0xFF, 0xFF, 0x75, 0x00, 0x2B, 0xFC,
  0xFF, 0xFF, 0x93, 0x27, 0x09, 0x2B, 0xB6, 0xFF, 0xFF, 0xEB, 0x14, 0x00, 0x00, 0x76, 0xFA, 0xFF,
  0xFF, 0xFF, 0xFF, 0xFF, 0xFF, 0xFF, 0xE6, 0x36, 0x00, 0x00, 0x00, 0x00, 0x28, 0x89, 0xD2, 0xF3,
  0xFD, 0xEF, 0xC6, 0x78, 0x10, 0x00, 0x00, 0x00, 0x00, 0x00, 0x00, 0x00, 0x00, 0x00, 0x03, 0xD5,
  0xFF, 0xFF, 0xFF, 0x5C, 0x00, 0x00, 0x00, 0x00, 0x00, 0x00, 0x00, 0x00, 0x6A, 0xFF, 0xFF, 0xFF,
  0xFF, 0x5C, 0x00, 0x00, 0x00, 0x00, 0x00, 0x00, 0x00, 0x0F, 0xEB, 0xFF, 0xFF, 0xFF, 0xFF, 0x5C,
  0x00, 0x00, 0x00, 0x00, 0x00, 0x00, 0x00, 0x8C, 0xFF, 0xE4, 0xB1, 0xFF, 0xFF, 0x5C, 0x00, 0x00,
  0x00, 0x00, 0x00, 0x00, 0x23, 0xF9, 0xFF, 0x64, 0xA4, 0xFF, 0xFF, 0x5C, 0x00, 0x00, 0x00, 0x00,
  0x00, 0x00, 0xAF, 0xFF, 0xD6, 0x03, 0xA4, 0xFF, 0xFF, 0x5C, 0x00, 0x00, 0x00, 0x00, 0x00, 0x40,
  0xFF, 0xFF, 0x50, 0x00, 0xA4, 0xFF, 0xFF, 0x5C, 0x00, 0x00, 0x00, 0x00, 0x02, 0xCE, 0xFF, 0xC6,
  0x00, 0x00, 0xA4, 0xFF, 0xFF, 0x5C, 0x00, 0x00, 0x00, 0x00, 0x62, 0xFF, 0xFF, 0x3D, 0x00, 0x00,
  0xA4, 0xFF, 0xFF, 0x5C, 0x00, 0x00, 0x00, 0x0C, 0xE6, 0xFF, 0xB3, 0x00, 0x00, 0x00, 0xA4, 0xFF,
  0xFF, 0x5C, 0x00, 0x00, 0x00, 0x84, 0xFF, 0xFD, 0x2C, 0x00, 0x00, 0x00, 0xA4, 0xFF, 0xFF, 0x5C,
  0x00, 0x00, 0x1A, 0xF6, 0xFF, 0xA0, 0x00, 0x00, 0x00, 0x00, 0xA4, 0xFF, 0xFF, 0x5C, 0x00, 0x00,
  0x3C, 0xFF, 0xFF, 0xFF, 0xFF, 0xFF, 0xFF, 0xFF, 0xFF, 0xFF, 0xFF, 0xFF, 0xFF, 0x88, 0x3C, 0xFF,
  0xFF, 0xFF, 0xFF, 0xFF, 0xFF, 0xFF, 0xFF, 0xFF, 0xFF, 0xFF, 0xFF, 0x88, 0x00, 0x00, 0x00, 0x00,
  0x00, 0x00, 0x00, 0x00, 0xA4, 0xFF, 0xFF, 0x5C, 0x00, 0x00, 0x00, 0x00, 0x00, 0x00, 0x00, 0x00,
  0x00, 0x00, 0xA4, 0xFF, 0xFF, 0x5C, 0x00, 0x00, 0x00, 0x00, 0x00, 0x00, 0x00, 0x00, 0x00, 0x00,
  0xA4, 0xFF, 0xFF, 0x5C, 0x00, 0x00, 0x00, 0x00, 0x89, 0xFF, 0xFF, 0xFF, 0xFF, 0xFF, 0xFF, 0xFF,
  0xFF, 0xFF, 0x5C, 0x00, 0x00, 0x00, 0x9B, 0xFF, 0xFF, 0xFF, 0xFF, 0xFF, 0xFF, 0xFF, 0xFF, 0xFF,
  0x5C, 0x00, 0x00, 0x00, 0xAD, 0xFF, 0xCA, 0x00, 0x00, 0x00, 0x00, 0x00, 0x00, 0x00, 0x00, 0x00,
  0x00, 0x00, 0xBF, 0xFF, 0xB9, 0x00, 0x00, 0x00, 0x00, 0x00, 0x00, 0x00, 0x00, 0x00, 0x00, 0x00,
  0xD1, 0xFF, 0xA8, 0x00, 0x00, 0x00, 0x00, 0x00, 0x00, 0x00, 0x00, 0x00, 0x00, 0x00, 0xE3, 0xFF,
  0x97, 0x00, 0x00, 0x00, 0x00, 0x00, 0x00, 0x00, 0x00, 0x00, 0x00, 0x00, 0xF5, 0xFF, 0x86, 0x2D,
  0xB5, 0xED, 0xF7, 0xD2, 0x78, 0x09, 0x00, 0x00, 0x00, 0x07, 0xFF, 0xFF, 0xA1, 0xF1, 0xFF, 0xFF,
  0xFF, 0xFF, 0xFF, 0xCC, 0x0D, 0x00, 0x00, 0x15, 0xF8, 0xFF, 0xF6, 0x6F, 0x14, 0x11, 0x5D, 0xF2,
  0xFF, 0xFF, 0x97, 0x00, 0x00, 0x00, 0x02, 0x1E, 0x22, 0x00, 0x00, 0x00, 0x00, 0x6D, 0xFF, 0xFF,
  0xF7, 0x09, 0x00, 0x00, 0x00, 0x00, 0x00, 0x00, 0x00, 0x00, 0x00, 0x1F, 0xFF, 0xFF, 0xFF, 0x33,
  0x00, 0x00, 0x00, 0x00, 0x00, 0x00, 0x00, 0x00, 0x00, 0x09, 0xFF, 0xFF, 0xFF, 0x3C, 0x00, 0x00,
  0x00, 0x18, 0x00, 0x00, 0x00, 0x00, 0x00, 0x24, 0xFF, 0xFF, 0xFF, 0x21, 0x00, 0x00, 0x71, 0xF5,
  0x34, 0x00, 0x00, 0x00, 0x00, 0x79, 0xFF, 0xFF, 0xDA, 0x00, 0x00, 0x6D, 0xFF, 0xFF, 0xED, 0x61,
  0x15, 0x13, 0x63, 0xF5, 0xFF, 0xFF, 0x56, 0x00, 0x00, 0x08, 0xB1, 0xFF, 0xFF, 0xFF, 0xFF, 0xFF,
  0xFF, 0xFF, 0xFD, 0x79, 0x00, 0x00, 0x00, 0x00, 0x00, 0x49, 0xA5, 0xDB, 0xF3, 0xF8, 0xDE, 0xA0,
  0x32, 0x00, 0x00, 0x00, 0x00, 0x00, 0x00, 0x00, 0x00, 0x01, 0x7C, 0xFD, 0xFF, 0xFF, 0xA9, 0x12,
  0x00, 0x00, 0x00, 0x00, 0x00, 0x00, 0x03, 0xA3, 0xFF, 0xFF, 0xF6, 0x62, 0x00, 0x00, 0x00, 0x00,
  0x00, 0x00, 0x00, 0x00, 0xA0, 0xFF, 0xFF, 0xE7, 0x34, 0x00, 0x00, 0x00, 0x00, 0x00, 0x00, 0x00,
  0x00, 0x6F, 0xFF, 0xFF, 0xE6, 0x26, 0x00, 0x00, 0x00, 0x00, 0x00, 0x00, 0x00, 0x00, 0x21, 0xF8,
  0xFF, 0xF7, 0x34, 0x00, 0x00, 0x00, 0x00, 0x00, 0x00, 0x00, 0x00, 0x00, 0xA5, 0xFF, 0xFF, 0x7C,
  0x00, 0x00, 0x00, 0x00, 0x00, 0x00, 0x00, 0x00, 0x00, 0x18, 0xFA, 0xFF, 0xED, 0x21, 0x97, 0xE1,
  0xF9, 0xDF, 0x8E, 0x14, 0x00, 0x00, 0x00, 0x68, 0xFF, 0xFF, 0xAF, 0xDD, 0xFF, 0xFF, 0xFF, 0xFF,
  0xFF, 0xDF, 0x19, 0x00, 0x00, 0xA4, 0xFF, 0xFF, 0xFF, 0xA1, 0x23, 0x0E, 0x4E, 0xE7, 0xFF, 0xFF,
  0xAF, 0x00, 0x00, 0xC2, 0xFF, 0xFF, 0xD2, 0x02, 0x00, 0x00, 0x00, 0x4D, 0xFF, 0xFF, 0xFE, 0x17,
  0x00, 0xCF, 0xFF, 0xFF, 0x8A, 0x00, 0x00, 0x00, 0x00, 0x04, 0xFB, 0xFF, 0xFF, 0x48, 0x00, 0xC0,
  0xFF, 0xFF, 0x72, 0x00, 0x00, 0x00, 0x00, 0x00, 0xE7, 0xFF, 0xFF, 0x4F, 0x00, 0x94, 0xFF, 0xFF,
  0x8A, 0x00, 0x00, 0x00, 0x00, 0x04, 0xFB, 0xFF, 0xFF, 0x31, 0x00, 0x43, 0xFF, 0xFF, 0xD1, 0x01,
  0x00, 0x00, 0x00, 0x4C, 0xFF, 0xFF, 0xE2, 0x01, 0x00, 0x00, 0xBD, 0xFF, 0xFF, 0x9F, 0x22, 0x0D,
  0x4C, 0xE5, 0xFF, 0xFF, 0x5E, 0x00, 0x00, 0x00, 0x16, 0xCA, 0xFF, 0xFF, 0xFF, 0xFF, 0xFF, 0xFF,
  0xFE, 0x7F, 0x00, 0x00, 0x00, 0x00, 0x00, 0x05, 0x69, 0xC3, 0xF0, 0xF9, 0xE2, 0xA4, 0x36, 0x00,
  0x00, 0x00, 0x00, 0x94, 0xFF, 0xFF, 0xFF, 0xFF, 0xFF, 0xFF, 0xFF, 0xFF, 0xFF, 0xFF, 0xFF, 0x08,
  0x00, 0x94, 0xFF, 0xFF, 0xFF, 0xFF, 0xFF, 0xFF, 0xFF, 0xFF, 0xFF, 0xFF, 0xFF, 0x08, 0x00, 0x94,
  0xFF, 0xFF, 0x1C, 0x00, 0x00, 0x00, 0x00, 0x4E, 0xFF, 0xFF, 0xE2, 0x01, 0x00, 0x94, 0xFF, 0xFF,
  0x1C, 0x00, 0x00, 0x00, 0x00, 0xB1, 0xFF, 0xFF, 0x83, 0x00, 0x00, 0x94, 0xFF, 0xFF, 0x1C, 0x00,
  0x00, 0x00, 0x19, 0xFB, 0xFF, 0xFE, 0x22, 0x00, 0x00, 0x94, 0xFF, 0xFF, 0x1C, 0x00, 0x00, 0x00,
  0x78, 0xFF, 0xFF, 0xC0, 0x00, 0x00, 0x00, 0x00, 0x00, 0x00, 0x00, 0x00, 0x00, 0x00, 0xDA, 0xFF,
  0xFF, 0x5E, 0x00, 0x00, 0x00, 0x00, 0x00, 0x00, 0x00, 0x00, 0x00, 0x3F, 0xFF, 0xFF, 0xF2, 0x0B,
  0x00, 0x00, 0x00, 0x00, 0x00, 0x00, 0x00, 0x00, 0x00, 0xA3, 0xFF, 0xFF, 0x9C, 0x00, 0x00, 0x00,
  0x00, 0x00, 0x00, 0x00, 0x00, 0x00, 0x0F, 0xF6, 0xFF, 0xFF, 0x3A, 0x00, 0x00, 0x00, 0x00, 0x00,
  0x00, 0x00, 0x00, 0x00, 0x6A, 0xFF, 0xFF, 0xD8, 0x00, 0x00, 0x00, 0x00, 0x00, 0x00, 0x00, 0x00,
  0x00, 0x00, 0xCD, 0xFF, 0xFF, 0x77, 0x00, 0x00, 0x00, 0x00, 0x00, 0x00, 0x00, 0x00, 0x00, 0x30,
  0xFF, 0xFF, 0xFC, 0x1A, 0x00, 0x00, 0x00, 0x00, 0x00, 0x00, 0x00, 0x00, 0x00, 0x94, 0xFF, 0xFF,
  0xB4, 0x00, 0x00, 0x00, 0x00, 0x00, 0x00, 0x00, 0x00, 0x00, 0x08, 0xEE, 0xFF, 0xFF, 0x53, 0x00,
  0x00, 0x00, 0x00, 0x00, 0x00, 0x00, 0x00, 0x00, 0x5B, 0xFF, 0xFF, 0xEB, 0x06, 0x00, 0x00, 0x00,
  0x00, 0x00, 0x00, 0x00, 0x00, 0x00, 0xBE, 0xFF, 0xFF, 0x90, 0x00, 0x00, 0x00, 0x00, 0x00, 0x00,
  0x00, 0x00, 0x00, 0x22, 0x90, 0xD4, 0xF4, 0xFA, 0xE5, 0xB0, 0x4E, 0x00, 0x00, 0x00, 0x00, 0x00,
  0x50, 0xF7, 0xFF, 0xFF, 0xFF, 0xFF, 0xFF, 0xFF, 0xFF, 0xA9, 0x03, 0x00, 0x00, 0x13, 0xF2, 0xFF,
  0xFF, 0x7F, 0x19, 0x0C, 0x46, 0xE2, 0xFF, 0xFF, 0x6A, 0x00, 0x00, 0x58, 0xFF, 0xFF, 0xBD, 0x00,
  0x00, 0x00, 0x00, 0x5A, 0xFF, 0xFF, 0xBC, 0x00, 0x00, 0x5D, 0xFF, 0xFF, 0x97, 0x00, 0x00, 0x00,
  0x00, 0x34, 0xFF, 0xFF, 0xC1, 0x00, 0x00, 0x27, 0xFD, 0xFF, 0xBE, 0x00, 0x00, 0x00, 0x00, 0x5A,
  0xFF, 0xFF, 0x88, 0x00, 0x00, 0x00, 0x87, 0xFF, 0xFF, 0x7C, 0x17, 0x0B, 0x44, 0xE1, 0xFF, 0xD9,
  0x12, 0x00, 0x00, 0x00, 0x00, 0x59, 0xE2, 0xFF, 0xFF, 0xFF, 0xFF, 0xFF, 0x8F, 0x12, 0x00, 0x00,
  0x00, 0x00, 0x1B, 0xA3, 0xF9, 0xFF, 0xFF, 0xFF, 0xFF, 0xFF, 0xCE, 0x4D, 0x00, 0x00, 0x00, 0x1B,
  0xE5, 0xFF, 0xFE, 0x7A, 0x1B, 0x0D, 0x46, 0xDD, 0xFF, 0xFE, 0x63, 0x00, 0x00, 0x9B, 0xFF, 0xFF,
  0xA4, 0x00, 0x00, 0x00, 0x00, 0x3E, 0xFF, 0xFF, 0xEF, 0x0D, 0x00, 0xD6, 0xFF, 0xFF, 0x6A, 0x00,
  0x00, 0x00, 0x00, 0x05, 0xFC, 0xFF, 0xFF, 0x38, 0x00, 0xE1, 0xFF, 0xFF, 0x6A, 0x00, 0x00, 0x00,
  0x00, 0x05, 0xFC, 0xFF, 0xFF, 0x44, 0x00, 0xB2, 0xFF, 0xFF, 0xA3, 0x00, 0x00, 0x00, 0x00, 0x3D,
  0xFF, 0xFF, 0xFD, 0x18, 0x00, 0x41, 0xFF, 0xFF, 0xFE, 0x77, 0x19, 0x0C, 0x44, 0xDB, 0xFF, 0xFF,
  0xA4, 0x00, 0x00, 0x00, 0x6A, 0xFA, 0xFF, 0xFF, 0xFF, 0xFF, 0xFF, 0xFF, 0xFF, 0xBB, 0x0C, 0x00,
  0x00, 0x00, 0x00, 0x27, 0x92, 0xD4, 0xF4, 0xFA, 0xE6, 0xB0, 0x54, 0x01, 0x00, 0x00, 0x00, 0x00,
  0x00, 0x11, 0x7D, 0xCD, 0xF2, 0xF7, 0xDA, 0x92, 0x1E, 0x00, 0x00, 0x00, 0x00, 0x00, 0x32, 0xE5,
  0xFF, 0xFF, 0xFF, 0xFF, 0xFF, 0xFF, 0xF5, 0x4C, 0x00, 0x00, 0x00, 0x11, 0xE6, 0xFF, 0xFF, 0x89,
  0x1D, 0x12, 0x60, 0xF3, 0xFF, 0xF6, 0x29, 0x00, 0x00, 0x7F, 0xFF, 0xFF, 0xB3, 0x00, 0x00, 0x00,
  0x00, 0x73, 0xFF, 0xFF, 0xA7, 0x00, 0x00, 0xCA, 0xFF, 0xFF, 0x67, 0x00, 0x00, 0x00, 0x00, 0x28,
  0xFF, 0xFF, 0xF3, 0x04, 0x00, 0xE8, 0xFF, 0xFF, 0x4E, 0x00, 0x00, 0x00, 0x00, 0x0F, 0xFF, 0xFF,
  0xFF, 0x24, 0x00, 0xE1, 0xFF, 0xFF, 0x67, 0x00, 0x00, 0x00, 0x00, 0x28, 0xFF, 0xFF, 0xFF, 0x32,
  0x00, 0xB2, 0xFF, 0xFF, 0xB1, 0x00, 0x00, 0x00, 0x00, 0x72, 0xFF, 0xFF, 0xFF, 0x25, 0x00, 0x4C,
  0xFF, 0xFF, 0xFF, 0x87, 0x1C, 0x11, 0x5E, 0xF1, 0xFF, 0xFF, 0xFB, 0x0A, 0x00, 0x00, 0x95, 0xFF,
  0xFF, 0xFF, 0xFF, 0xFF, 0xFE, 0x90, 0xFF, 0xFF, 0xC8, 0x00, 0x00, 0x00, 0x00, 0x5E, 0xC8, 0xF5,
  0xF0, 0xC2, 0x47, 0x94, 0xFF, 0xFF, 0x73, 0x00, 0x00, 0x00, 0x00, 0x00, 0x00, 0x00, 0x00, 0x00,
  0x20, 0xF6, 0xFF, 0xF3, 0x13, 0x00, 0x00, 0x00, 0x00, 0x00, 0x00, 0x00, 0x00, 0x04, 0xC1, 0xFF,
  0xFF, 0x7C, 0x00, 0x00, 0x00, 0x00, 0x00, 0x00, 0x00, 0x00, 0x02, 0xA3, 0xFF, 0xFF, 0xCD, 0x06,
  0x00, 0x00, 0x00, 0x00, 0x00, 0x00, 0x00, 0x0A, 0xAE, 0xFF, 0xFF, 0xE6, 0x20, 0x00, 0x00, 0x00,
  0x00, 0x00, 0x00, 0x00, 0x26, 0xD1, 0xFF, 0xFF, 0xE3, 0x2A, 0x00, 0x00, 0x00, 0x00, 0x00, 0x00,
  0x00, 0x62, 0xF3, 0xFF, 0xFF, 0xC5, 0x1C, 0x00, 0x00, 0x00, 0x00, 0x00, 0x00, 0x00, 0x83, 0xF2,
  0xDE, 0x39, 0x00, 0x00, 0x00, 0x0E, 0xFF, 0xFF, 0xFF, 0xAE, 0x00, 0x00, 0x00, 0x0F, 0xFF, 0xFF,
  0xFF, 0xAF, 0x00, 0x00, 0x00, 0x00, 0x86, 0xF3, 0xE0, 0x3B, 0x00, 0x00, 0x00, 0x00, 0x00, 0x00,
  0x00, 0x00, 0x00, 0x00, 0x00, 0x00, 0x00, 0x00, 0x00, 0x00, 0x00, 0x00, 0x00, 0x00, 0x00, 0x00,
  0x00, 0x00, 0x00, 0x00, 0x00, 0x00, 0x00, 0x00, 0x00, 0x00, 0x00, 0x00, 0x00, 0x00, 0x00, 0x00,
  0x00, 0x00, 0x00, 0x00, 0x00, 0x00, 0x83, 0xF2, 0xDE, 0x39, 0x00, 0x00, 0x00, 0x0E, 0xFF, 0xFF,
  0xFF, 0xAE, 0x00, 0x00, 0x00, 0x0F, 0xFF, 0xFF, 0xFF, 0xAF, 0x00, 0x00, 0x00, 0x00, 0x86, 0xF3,
  0xE0, 0x3B, 0x00, 0x00, 0x00, 0x00, 0x83, 0xF2, 0xDE, 0x39, 0x00, 0x00, 0x00, 0x0E, 0xFF, 0xFF,
  0xFF, 0xAE, 0x00, 0x00, 0x00, 0x0F, 0xFF, 0xFF, 0xFF, 0xAF, 0x00, 0x00, 0x00, 0x00, 0x86, 0xF3,
  0xE0, 0x3B, 0x00, 0x00, 0x00, 0x00, 0x00, 0x00, 0x00, 0x00, 0x00, 0x00, 0x00, 0x00, 0x00, 0x00,
  0x00, 0x00, 0x00, 0x00, 0x00, 0x00, 0x00, 0x00, 0x00, 0x00, 0x00, 0x00, 0x00, 0x00, 0x00, 0x00,
  0x00, 0x00, 0x00, 0x00, 0x00, 0x00, 0x00, 0x00, 0x00, 0x00, 0x00, 0x00, 0x00, 0x00, 0x86, 0xF2,
  0xDF, 0x3B, 0x00, 0x00, 0x00, 0x0E, 0xFF, 0xFF, 0xFF, 0xAF, 0x00, 0x00, 0x00, 0x12, 0xFF, 0xFF,
  0xFF, 0xAF, 0x00, 0x00, 0x00, 0x00, 0x96, 0xFB, 0xFF, 0x84, 0x00, 0x00, 0x00, 0x00, 0x0C, 0xE9,
  0xFE, 0x2A, 0x00, 0x00, 0x00, 0x00, 0x87, 0xFF, 0x99, 0x00, 0x00, 0x00, 0x00, 0x65, 0xFE, 0xBE,
  0x0A, 0x00, 0x00, 0x00, 0x00, 0x00, 0x00, 0x00, 0x00, 0x00, 0x00, 0x00, 0x00, 0x00, 0x1A, 0xAB,
  0x07, 0x00, 0x00, 0x00, 0x00, 0x00, 0x00, 0x00, 0x00, 0x00, 0x02, 0x6C, 0xF1, 0xFF, 0x08, 0x00,
  0x00, 0x00, 0x00, 0x00, 0x00, 0x00, 0x00, 0x32, 0xCB, 0xFF, 0xFF, 0xFF, 0x08, 0x00, 0x00, 0x00,
  0x00, 0x00, 0x00, 0x0D, 0x8F, 0xFC, 0xFF, 0xFF, 0xE7, 0x5D, 0x00, 0x00, 0x00, 0x00, 0x00, 0x00,
  0x51, 0xE3, 0xFF, 0xFF, 0xFB, 0x8F, 0x0E, 0x00, 0x00, 0x00, 0x00, 0x00, 0x1E, 0xB3, 0xFF, 0xFF,
  0xFF, 0xC0, 0x2C, 0x00, 0x00, 0x00, 0x00, 0x00, 0x00, 0x00, 0xA0, 0xFF, 0xFF, 0xE7, 0x5A, 0x00,
  0x00, 0x00, 0x00, 0x00, 0x00, 0x00, 0x00, 0x00, 0xA0, 0xFF, 0xFF, 0xE7, 0x59, 0x00, 0x00, 0x00,
  0x00, 0x00, 0x00, 0x00, 0x00, 0x00, 0x1F, 0xB3, 0xFF, 0xFF, 0xFF, 0xC0, 0x2C, 0x00, 0x00, 0x00,
  0x00, 0x00, 0x00, 0x00, 0x00, 0x00, 0x52, 0xE4, 0xFF, 0xFF, 0xFB, 0x8E, 0x0E, 0x00, 0x00, 0x00,
  0x00, 0x00, 0x00, 0x00, 0x00, 0x0D, 0x90, 0xFC, 0xFF, 0xFF, 0xE7, 0x5C, 0x00, 0x00, 0x00, 0x00,
  0x00, 0x00, 0x00, 0x00, 0x00, 0x32, 0xCB, 0xFF, 0xFF, 0xFF, 0x08, 0x00, 0x00, 0x00, 0x00, 0x00,
  0x00, 0x00, 0x00, 0x00, 0x02, 0x6D, 0xF1, 0xFF, 0x08, 0x00, 0x00, 0x00, 0x00, 0x00, 0x00, 0x00,
  0x00, 0x00, 0x00, 0x00, 0x1A, 0xAC, 0x07, 0x00, 0x00, 0x64, 0xFF, 0xFF, 0xFF, 0xFF, 0xFF, 0xFF,
  0xFF, 0xFF, 0xFF, 0xFF, 0xCC, 0x00, 0x00, 0x64, 0xFF, 0xFF, 0xFF, 0xFF, 0xFF, 0xFF, 0xFF, 0xFF,
  0xFF, 0xFF, 0xCC, 0x00, 0x00, 0x00, 0x00, 0x00, 0x00, 0x00, 0x00, 0x00, 0x00, 0x00, 0x00, 0x00,
  0x00, 0x00, 0x00, 0x00, 0x00, 0x00, 0x00, 0x00, 0x00, 0x00, 0x00, 0x00, 0x00, 0x00, 0x00, 0x00,
  0x00, 0x00, 0x00, 0x00, 0x00, 0x00, 0x00, 0x00, 0x00, 0x00, 0x00, 0x00, 0x00, 0x00, 0x00, 0x64,
  0xFF, 0xFF, 0xFF, 0xFF, 0xFF, 0xFF, 0xFF, 0xFF, 0xFF, 0xFF, 0xCC, 0x00, 0x00, 0x64, 0xFF, 0xFF,
  0xFF, 0xFF, 0xFF, 0xFF, 0xFF, 0xFF, 0xFF, 0xFF, 0xCC, 0x00, 0x00, 0x00, 0x00, 0x00, 0x00, 0x00,
  0x00, 0x00, 0x00, 0x00, 0x00, 0x00, 0x00, 0x00, 0x00, 0x00, 0x00, 0x00, 0x00, 0x00, 0x00, 0x00,
  0x00, 0x00, 0x00, 0x00, 0x00, 0x00, 0x00, 0x00, 0x00, 0x00, 0x00, 0x00, 0x00, 0x00, 0x00, 0x00,
  0x00, 0x00, 0x00, 0x00, 0x00, 0x00, 0x00, 0x00, 0x00, 0x00, 0x00, 0x00, 0x00, 0x00, 0x00, 0x00,
  0x00, 0x00, 0x00, 0x00, 0x80, 0x4C, 0x00, 0x00, 0x00, 0x00, 0x00, 0x00, 0x00, 0x00, 0x00, 0x00,
  0x00, 0x00, 0xA0, 0xFF, 0xAD, 0x1B, 0x00, 0x00, 0x00, 0x00, 0x00, 0x00, 0x00, 0x00, 0x00, 0x00,
  0xA0, 0xFF, 0xFF, 0xF2, 0x6F, 0x03, 0x00, 0x00, 0x00, 0x00, 0x00, 0x00, 0x00, 0x00, 0x25, 0xB8,
  0xFF, 0xFF, 0xFF, 0xCD, 0x34, 0x00, 0x00, 0x00, 0x00, 0x00, 0x00, 0x00, 0x00, 0x00, 0x50, 0xDF,
  0xFF, 0xFF, 0xFD, 0x92, 0x0E, 0x00, 0x00, 0x00, 0x00, 0x00, 0x00, 0x00, 0x00, 0x09, 0x81, 0xF7,
  0xFF, 0xFF, 0xE5, 0x54, 0x00, 0x00, 0x00, 0x00, 0x00, 0x00, 0x00, 0x00, 0x00, 0x21, 0xB3, 0xFF,
  0xFF, 0xFF, 0x08, 0x00, 0x00, 0x00, 0x00, 0x00, 0x00, 0x00, 0x00, 0x26, 0xB9, 0xFF, 0xFF, 0xFF,
  0x07, 0x00, 0x00, 0x00, 0x00, 0x00, 0x00, 0x0B, 0x86, 0xF9, 0xFF, 0xFF, 0xDF, 0x49, 0x00, 0x00,
  0x00, 0x00, 0x00, 0x00, 0x54, 0xE2, 0xFF, 0xFF, 0xFB, 0x8A, 0x0A, 0x00, 0x00, 0x00, 0x00, 0x00,
  0x27, 0xBB, 0xFF, 0xFF, 0xFF, 0xC8, 0x2E, 0x00, 0x00, 0x00, 0x00, 0x00, 0x00, 0x00, 0xA0, 0xFF,
  0xFF, 0xF1, 0x6B, 0x02, 0x00, 0x00, 0x00, 0x00, 0x00, 0x00, 0x00, 0x00, 0xA0, 0xFF, 0xAC, 0x1A,
  0x00, 0x00, 0x00, 0x00, 0x00, 0x00, 0x00, 0x00, 0x00, 0x00, 0x80, 0x4B, 0x00, 0x00, 0x00, 0x00,
  0x00, 0x00, 0x00, 0x00, 0x00, 0x00, 0x00, 0x00, 0x2D, 0xA2, 0xE3, 0xFA, 0xF2, 0xC8, 0x70, 0x06,
  0x00, 0x00, 0x00, 0x61, 0xFE, 0xFF, 0xFF, 0xFF, 0xFF, 0xFF, 0xFF, 0xCC, 0x10, 0x00, 0x2C, 0xFD,
  0xFF, 0xE8, 0x49, 0x0B, 0x2D, 0xCE, 0xFF, 0xFF, 0x9A, 0x00, 0x3E, 0xC1, 0xFE, 0x4D, 0x00, 0x00,
  0x00, 0x45, 0xFF, 0xFF, 0xF4, 0x03, 0x00, 0x00, 0x1E, 0x02, 0x00, 0x00, 0x00, 0x30, 0xFF, 0xFF,
  0xFF, 0x15, 0x00, 0x00, 0x00, 0x00, 0x00, 0x00, 0x00, 0x6B, 0xFF, 0xFF, 0xF6, 0x05, 0x00, 0x00,
  0x00, 0x00, 0x00, 0x07, 0x61, 0xF5, 0xFF, 0xFF, 0x9F, 0x00, 0x00, 0x00, 0x00, 0x0C, 0xDA, 0xF9,
  0xFF, 0xFF, 0xFF, 0xCA, 0x11, 0x00, 0x00, 0x00, 0x00, 0x10, 0xFF, 0xFF, 0xFF, 0xCF, 0x72, 0x04,
  0x00, 0x00, 0x00, 0x00, 0x00, 0x10, 0xFF, 0xFF, 0xDC, 0x00, 0x00, 0x00, 0x00, 0x00, 0x00, 0x00,
  0x00, 0x10, 0xFF, 0xFF, 0xDC, 0x00, 0x00, 0x00, 0x00, 0x00, 0x00, 0x00, 0x00, 0x00, 0x00, 0x00,
  0x00, 0x00, 0x00, 0x00, 0x00, 0x00, 0x00, 0x00, 0x00, 0x00, 0x00, 0x00, 0x00, 0x00, 0x00, 0x00,
  0x00, 0x00, 0x00, 0x00, 0x00, 0x19, 0xCA, 0xF6, 0xBA, 0x0A, 0x00, 0x00, 0x00, 0x00, 0x00, 0x00,
  0x00, 0x74, 0xFF, 0xFF, 0xFF, 0x53, 0x00, 0x00, 0x00, 0x00, 0x00, 0x00, 0x00, 0x74, 0xFF, 0xFF,
  0xFF, 0x53, 0x00, 0x00, 0x00, 0x00, 0x00, 0x00, 0x00, 0x1B, 0xCC, 0xF7, 0xBC, 0x0A, 0x00, 0x00,
  0x00, 0x00, 0x00, 0x00, 0x00, 0x00, 0x00, 0x00, 0x0A, 0x61, 0xAD, 0xDC, 0xF3, 0xF6, 0xE2, 0xB4,
  0x70, 0x11, 0x00, 0x00, 0x00, 0x00, 0x00, 0x00, 0x00, 0x00, 0x00, 0x00, 0x00, 0x5C, 0xE5, 0xFF,
  0xFF, 0xFF, 0xFF, 0xFF, 0xFF, 0xFF, 0xFF, 0xF2, 0x75, 0x01, 0x00, 0x00, 0x00, 0x00, 0x00, 0x00,
  0x00, 0x00, 0x89, 0xFF, 0xFF, 0xCF, 0x6B, 0x27, 0x0D, 0x09, 0x23, 0x5F, 0xC1, 0xFF, 0xFF, 0xA8,
  0x02, 0x00, 0x00, 0x00, 0x00, 0x00, 0x00, 0x6E, 0xFF, 0xFA, 0x69, 0x01, 0x00, 0x00, 0x00, 0x00,
  0x00, 0x00, 0x00, 0x53, 0xF2, 0xFF, 0x86, 0x00, 0x00, 0x00, 0x00, 0x00, 0x22, 0xF9, 0xFE, 0x51,
  0x00, 0x00, 0x00, 0x00, 0x00, 0x00, 0x00, 0x00, 0x00, 0x00, 0x41, 0xFC, 0xFA, 0x22, 0x00, 0x00,
  0x00, 0x00, 0x98, 0xFF, 0x99, 0x00, 0x00, 0x17, 0xA4, 0xF0, 0xEC, 0x7F, 0x41, 0xC8, 0xC8, 0x06,
  0x00, 0x9A, 0xFF, 0x8E, 0x00, 0x00, 0x00, 0x04, 0xF2, 0xFE, 0x1F, 0x00, 0x08, 0xD4, 0xFF, 0xFF,
  0xFF, 0xFF, 0xB3, 0xFF, 0xFF, 0x08, 0x00, 0x35, 0xFF, 0xD9, 0x00, 0x00, 0x00, 0x3A, 0xFF, 0xCF,
  0x00, 0x00, 0x65, 0xFF, 0xFF, 0x78, 0x0F, 0x25, 0xCA, 0xFF, 0xFF, 0x08, 0x00, 0x01, 0xF9, 0xFF,
  0x07, 0x00, 0x00, 0x64, 0xFF, 0xA2, 0x00, 0x00, 0xAD, 0xFF, 0xD6, 0x00, 0x00, 0x00, 0x5C, 0xFF,
  0xFF, 0x08, 0x00, 0x00, 0xE4, 0xFF, 0x1C, 0x00, 0x00, 0x78, 0xFF, 0x8F, 0x00, 0x00, 0xCC, 0xFF,
  0xB8, 0x00, 0x00, 0x00, 0x54, 0xFF, 0xFF, 0x08, 0x00, 0x00, 0xE4, 0xFF, 0x20, 0x00, 0x00, 0x7C,
  0xFF, 0x8D, 0x00, 0x00, 0xCC, 0xFF, 0xB8, 0x00, 0x00, 0x00, 0x54, 0xFF, 0xFF, 0x08, 0x00, 0x00,
  0xF7, 0xFE, 0x0B, 0x00, 0x00, 0x69, 0xFF, 0x9F, 0x00, 0x00, 0xAE, 0xFF, 0xD5, 0x00, 0x00, 0x00,
  0x61, 0xFF, 0xFF, 0x08, 0x00, 0x2C, 0xFF, 0xD5, 0x00, 0x00, 0x00, 0x47, 0xFF, 0xC5, 0x00, 0x00,
  0x66, 0xFF, 0xFF, 0x73, 0x0D, 0x2B, 0x7F, 0xF3, 0xFF, 0x31, 0x06, 0xAE, 0xFF, 0x7C, 0x00, 0x00,
  0x00, 0x0D, 0xFB, 0xFC, 0x14, 0x00, 0x08, 0xD6, 0xFF, 0xFF, 0xFF, 0xFF, 0x40, 0xA6, 0xFF, 0xF8,
  0xF4, 0xFF, 0xD8, 0x0C, 0x00, 0x00, 0x00, 0x00, 0xB3, 0xFF, 0x87, 0x00, 0x00, 0x19, 0xA8, 0xF1,
  0xE7, 0x70, 0x00, 0x15, 0xB4, 0xF9, 0xF5, 0xA7, 0x18, 0x00, 0x00, 0x00, 0x00, 0x00, 0x3A, 0xFF,
  0xFA, 0x3C, 0x00, 0x00, 0x00, 0x00, 0x00, 0x00, 0x00, 0x00, 0x00, 0x03, 0x00, 0x00, 0x00, 0x00,
  0x00, 0x00, 0x00, 0x00, 0x00, 0x91, 0xFF, 0xF2, 0x51, 0x00, 0x00, 0x00, 0x00, 0x00, 0x00, 0x00,
  0x00, 0x00, 0x00, 0x00, 0x00, 0x00, 0x00, 0x00, 0x00, 0x00, 0x00, 0x06, 0xAA, 0xFF, 0xFF, 0xBD,
  0x5E, 0x22, 0x09, 0x00, 0x00, 0x00, 0x00, 0x00, 0x00, 0x00, 0x00, 0x00, 0x00, 0x00, 0x00, 0x00,
  0x00, 0x00, 0x01, 0x75, 0xF0, 0xFF, 0xFF, 0xFF, 0xFF, 0xFF, 0xFF, 0xFF, 0xFF, 0xFF, 0x2C, 0x00,
  0x00, 0x00, 0x00, 0x00, 0x00, 0x00, 0x00, 0x00, 0x00, 0x00, 0x13, 0x6D, 0xB6, 0xE0, 0xF5, 0xFF,
  0xFF, 0xFF, 0xFF, 0xFF, 0x2C, 0x00, 0x00, 0x00, 0x00, 0x00, 0x00, 0x00, 0x00, 0x00, 0x00, 0x10,
  0xFA, 0xFF, 0xFF, 0xFF, 0x39, 0x00, 0x00, 0x00, 0x00, 0x00, 0x00, 0x00, 0x00, 0x00, 0x00, 0x5F,
  0xFF, 0xFF, 0xFF, 0xFF, 0x8D, 0x00, 0x00, 0x00, 0x00, 0x00, 0x00, 0x00, 0x00, 0x00, 0x00, 0xB4,
  0xFF, 0xFD, 0xFD, 0xFF, 0xE0, 0x00, 0x00, 0x00, 0x00, 0x00, 0x00, 0x00, 0x00, 0x00, 0x0F, 0xF9,
  0xFF, 0xC5, 0xC6, 0xFF, 0xFF, 0x35, 0x00, 0x00, 0x00, 0x00, 0x00, 0x00, 0x00, 0x00, 0x5D, 0xFF,
  0xFF, 0x82, 0x82, 0xFF, 0xFF, 0x88, 0x00, 0x00, 0x00, 0x00, 0x00, 0x00, 0x00, 0x00, 0xB2, 0xFF,
  0xFF, 0x3F, 0x3E, 0xFF, 0xFF, 0xDC, 0x00, 0x00, 0x00, 0x00, 0x00, 0x00, 0x00, 0x0E, 0xF8, 0xFF,
  0xF6, 0x06, 0x05, 0xF4, 0xFF, 0xFF, 0x30, 0x00, 0x00, 0x00, 0x00, 0x00, 0x00, 0x5B, 0xFF, 0xFF,
  0xB9, 0x00, 0x00, 0xB6, 0xFF, 0xFF, 0x84, 0x00, 0x00, 0x00, 0x00, 0x00, 0x00, 0xB0, 0xFF, 0xFF,
  0x76, 0x00, 0x00, 0x72, 0xFF, 0xFF, 0xD7, 0x00, 0x00, 0x00, 0x00, 0x00, 0x0D, 0xF7, 0xFF, 0xFF,
  0x33, 0x00, 0x00, 0x2E, 0xFF, 0xFF, 0xFF, 0x2B, 0x00, 0x00, 0x00, 0x00, 0x5A, 0xFF, 0xFF, 0xEE,
  0x02, 0x00, 0x00, 0x01, 0xE8, 0xFF, 0xFF, 0x7F, 0x00, 0x00, 0x00, 0x00, 0xAE, 0xFF, 0xFF, 0xFF,
  0xFF, 0xFF, 0xFF, 0xFF, 0xFF, 0xFF, 0xFF, 0xD3, 0x00, 0x00, 0x00, 0x0C, 0xF6, 0xFF, 0xFF, 0xFF,
  0xFF, 0xFF, 0xFF, 0xFF, 0xFF, 0xFF, 0xFF, 0xFF, 0x26, 0x00, 0x00, 0x58, 0xFF, 0xFF, 0xE0, 0x00,
  0x00, 0x00, 0x00, 0x00, 0x00, 0xD8, 0xFF, 0xFF, 0x7A, 0x00, 0x00, 0xAC, 0xFF, 0xFF, 0x8B, 0x00,
  0x00, 0x00, 0x00, 0x00, 0x00, 0x82, 0xFF, 0xFF, 0xCE, 0x00, 0x0B, 0xF5, 0xFF, 0xFF, 0x36, 0x00,
  0x00, 0x00, 0x00, 0x00, 0x00, 0x2B, 0xFF, 0xFF, 0xFF, 0x22, 0x56, 0xFF, 0xFF, 0xE1, 0x00, 0x00,
  0x00, 0x00, 0x00, 0x00, 0x00, 0x00, 0xD4, 0xFF, 0xFF, 0x76, 0x00, 0x08, 0xFF, 0xFF, 0xFF, 0xFF,
  0xFF, 0xFF, 0xFF, 0xFF, 0xED, 0xAD, 0x28, 0x00, 0x00, 0x00, 0x00, 0x08, 0xFF, 0xFF, 0xFF, 0xFF,
  0xFF, 0xFF, 0xFF, 0xFF, 0xFF, 0xFF, 0xFA, 0x47, 0x00, 0x00, 0x00, 0x08, 0xFF, 0xFF, 0xFF, 0x24,
  0x00, 0x00, 0x00, 0x17, 0xB6, 0xFF, 0xFF, 0xD7, 0x00, 0x00, 0x00, 0x08, 0xFF, 0xFF, 0xFF, 0x24,
  0x00, 0x00, 0x00, 0x00, 0x36, 0xFF, 0xFF, 0xFF, 0x17, 0x00, 0x00, 0x08, 0xFF, 0xFF, 0xFF, 0x24,
  0x00, 0x00, 0x00, 0x00, 0x20, 0xFF, 0xFF, 0xFF, 0x21, 0x00, 0x00, 0x08, 0xFF, 0xFF, 0xFF, 0x24,
  0x00, 0x00, 0x00, 0x00, 0x36, 0xFF, 0xFF, 0xF2, 0x05, 0x00, 0x00, 0x08, 0xFF, 0xFF, 0xFF, 0x24,
  0x00, 0x00, 0x00, 0x17, 0xB6, 0xFF, 0xFF, 0x70, 0x00, 0x00, 0x00, 0x08, 0xFF, 0xFF, 0xFF, 0xFF,
  0xFF, 0xFF, 0xFF, 0xFF, 0xFF, 0xBA, 0x50, 0x00, 0x00, 0x00, 0x00, 0x08, 0xFF, 0xFF, 0xFF, 0xFF,
  0xFF, 0xFF, 0xFF, 0xFF, 0xFF, 0xFF, 0xD0, 0x36, 0x00, 0x00, 0x00, 0x08, 0xFF, 0xFF, 0xFF, 0x24,
  0x00, 0x00, 0x00, 0x05, 0x4F, 0xFA, 0xFF, 0xF1, 0x20, 0x00, 0x00, 0x08, 0xFF, 0xFF, 0xFF, 0x24,
  0x00, 0x00, 0x00, 0x00, 0x00, 0xAD, 0xFF, 0xFF, 0x8E, 0x00, 0x00, 0x08, 0xFF, 0xFF, 0xFF, 0x24,
  0x00, 0x00, 0x00, 0x00, 0x00, 0x8B, 0xFF, 0xFF, 0xBD, 0x00, 0x00, 0x08, 0xFF, 0xFF, 0xFF, 0x24,
  0x00, 0x00, 0x00, 0x00, 0x00, 0x8B, 0xFF, 0xFF, 0xBC, 0x00, 0x00, 0x08, 0xFF, 0xFF, 0xFF, 0x24,
  0x00, 0x00, 0x00, 0x00, 0x00, 0xAC, 0xFF, 0xFF, 0x90, 0x00, 0x00, 0x08, 0xFF, 0xFF, 0xFF, 0x24,
  0x00, 0x00, 0x00, 0x04, 0x4D, 0xF9, 0xFF, 0xFF, 0x33, 0x00, 0x00, 0x08, 0xFF, 0xFF, 0xFF, 0xFF,
  0xFF, 0xFF, 0xFF, 0xFF, 0xFF, 0xFF, 0xFF, 0x8E, 0x00, 0x00, 0x00, 0x08, 0xFF, 0xFF, 0xFF, 0xFF,
  0xFF, 0xFF, 0xFF, 0xFF, 0xFC, 0xD6, 0x69, 0x00, 0x00, 0x00, 0x00, 0x00, 0x00, 0x00, 0x06, 0x69,
  0xBD, 0xE9, 0xFA, 0xE9, 0xCE, 0x88, 0x25, 0x00, 0x00, 0x00, 0x00, 0x00, 0x24, 0xD9, 0xFF, 0xFF,
  0xFF, 0xFF, 0xFF, 0xFF, 0xFF, 0xF5, 0x5D, 0x00, 0x00, 0x00, 0x14, 0xE6, 0xFF, 0xFF, 0x96, 0x25,
  0x08, 0x27, 0x9B, 0xFF, 0xFF, 0xFA, 0x35, 0x00, 0x00, 0xA1, 0xFF, 0xFF, 0x91, 0x00, 0x00, 0x00,
  0x00, 0x00, 0xA3, 0xFD, 0xA4, 0x21, 0x00, 0x17, 0xFA, 0xFF, 0xF7, 0x10, 0x00, 0x00, 0x00, 0x00,
  0x00, 0x1E, 0x2D, 0x00, 0x00, 0x00, 0x60, 0xFF, 0xFF, 0xC1, 0x00, 0x00, 0x00, 0x00, 0x00, 0x00,
  0x00, 0x00, 0x00, 0x00, 0x00, 0x95, 0xFF, 0xFF, 0xA3, 0x00, 0x00, 0x00, 0x00, 0x00, 0x00, 0x00,
  0x00, 0x00, 0x00, 0x00, 0xAE, 0xFF, 0xFF, 0x9C, 0x00, 0x00, 0x00, 0x00, 0x00, 0x00, 0x00, 0x00,
  0x00, 0x00, 0x00, 0xBB, 0xFF, 0xFF, 0x9C, 0x00, 0x00, 0x00, 0x00, 0x00, 0x00, 0x00, 0x00, 0x00,
  0x00, 0x00, 0xB2, 0xFF, 0xFF, 0x9C, 0x00, 0x00, 0x00, 0x00, 0x00, 0x00, 0x00, 0x00, 0x00, 0x00,
  0x00, 0x9D, 0xFF, 0xFF, 0xA3, 0x00, 0x00, 0x00, 0x00, 0x00, 0x00, 0x00, 0x00, 0x00, 0x00, 0x00,
  0x6C, 0xFF, 0xFF, 0xBE, 0x00, 0x00, 0x00, 0x00, 0x00, 0x00, 0x00, 0x00, 0x00, 0x00, 0x00, 0x26,
  0xFE, 0xFF, 0xF5, 0x0C, 0x00, 0x00, 0x00, 0x00, 0x00, 0x0F, 0x6B, 0x03, 0x00, 0x00, 0x00, 0xB6,
  0xFF, 0xFF, 0x87, 0x00, 0x00, 0x00, 0x00, 0x00, 0x95, 0xFF, 0xD2, 0x38, 0x00, 0x00, 0x21, 0xF1,
  0xFF, 0xFF, 0x90, 0x22, 0x07, 0x2A, 0x9E, 0xFF, 0xFF, 0xF9, 0x32, 0x00, 0x00, 0x00, 0x33, 0xE4,
  0xFF, 0xFF, 0xFF, 0xFF, 0xFF, 0xFF, 0xFF, 0xF1, 0x54, 0x00, 0x00, 0x00, 0x00, 0x00, 0x0A, 0x71,
  0xC1, 0xEB, 0xFA, 0xE9, 0xCB, 0x81, 0x1E, 0x00, 0x00, 0x00, 0x08, 0xFF, 0xFF, 0xFF, 0xFF, 0xFF,
  0xFF, 0xF5, 0xDB, 0x9B, 0x34, 0x00, 0x00, 0x00, 0x00, 0x00, 0x00, 0x08, 0xFF, 0xFF, 0xFF, 0xFF,
  0xFF, 0xFF, 0xFF, 0xFF, 0xFF, 0xFE, 0x8F, 0x02, 0x00, 0x00, 0x00, 0x00, 0x08, 0xFF, 0xFF, 0xFF,
  0x24, 0x00, 0x00, 0x0A, 0x46, 0xD2, 0xFF, 0xFF, 0x8C, 0x00, 0x00, 0x00, 0x00, 0x08, 0xFF, 0xFF,
  0xFF, 0x24, 0x00, 0x00, 0x00, 0x00, 0x10, 0xE2, 0xFF, 0xFE, 0x34, 0x00, 0x00, 0x00, 0x08, 0xFF,
  0xFF, 0xFF, 0x24, 0x00, 0x00, 0x00, 0x00, 0x00, 0x72, 0xFF, 0xFF, 0xA3, 0x00, 0x00, 0x00, 0x08,
  0xFF, 0xFF, 0xFF, 0x24, 0x00, 0x00, 0x00, 0x00, 0x00, 0x33, 0xFF, 0xFF, 0xEC, 0x00, 0x00, 0x00,
  0x08, 0xFF, 0xFF, 0xFF, 0x24, 0x00, 0x00, 0x00, 0x00, 0x00, 0x1A, 0xFF, 0xFF, 0xFF, 0x21, 0x00,
  0x00, 0x08, 0xFF, 0xFF, 0xFF, 0x24, 0x00, 0x00, 0x00, 0x00, 0x00, 0x14, 0xFF, 0xFF, 0xFF, 0x37,
  0x00, 0x00, 0x08, 0xFF, 0xFF, 0xFF, 0x24, 0x00, 0x00, 0x00, 0x00, 0x00, 0x14, 0xFF, 0xFF, 0xFF,
  0x43, 0x00, 0x00, 0x08, 0xFF, 0xFF, 0xFF, 0x24, 0x00, 0x00, 0x00, 0x00, 0x00, 0x14, 0xFF, 0xFF,
  0xFF, 0x37, 0x00, 0x00, 0x08, 0xFF, 0xFF, 0xFF, 0x24, 0x00, 0x00, 0x00, 0x00, 0x00, 0x1A, 0xFF,
  0xFF, 0xFF, 0x21, 0x00, 0x00, 0x08, 0xFF, 0xFF, 0xFF, 0x24, 0x00, 0x00, 0x00, 0x00, 0x00, 0x33,
  0xFF, 0xFF, 0xEC, 0x00, 0x00, 0x00, 0x08, 0xFF, 0xFF, 0xFF, 0x24, 0x00, 0x00, 0x00, 0x00, 0x00,
  0x72, 0xFF, 0xFF, 0xA3, 0x00, 0x00, 0x00, 0x08, 0xFF, 0xFF, 0xFF, 0x24, 0x00, 0x00, 0x00, 0x00,
  0x10, 0xE2, 0xFF, 0xFE, 0x35, 0x00, 0x00, 0x00, 0x08, 0xFF, 0xFF, 0xFF, 0x24, 0x00, 0x00, 0x0A,
  0x45, 0xD1, 0xFF, 0xFF, 0x8E, 0x00, 0x00, 0x00, 0x00, 0x08, 0xFF, 0xFF, 0xFF, 0xFF, 0xFF, 0xFF,
  0xFF, 0xFF, 0xFF, 0xFF, 0x92, 0x02, 0x00, 0x00, 0x00, 0x00, 0x08, 0xFF, 0xFF, 0xFF, 0xFF, 0xFF,
  0xFF, 0xF6, 0xDD, 0x9F, 0x37, 0x00, 0x00, 0x00, 0x00, 0x00, 0x00, 0x08, 0xFF, 0xFF, 0xFF, 0xFF,
  0xFF, 0xFF, 0xFF, 0xFF, 0xFF, 0xFF, 0xFF, 0x04, 0x00, 0x08, 0xFF, 0xFF, 0xFF, 0xFF, 0xFF, 0xFF,
  0xFF, 0xFF, 0xFF, 0xFF, 0xFF, 0x04, 0x00, 0x08, 0xFF, 0xFF, 0xFF, 0x24, 0x00, 0x00, 0x00, 0x00,
  0x00, 0x00, 0x00, 0x00, 0x00, 0x08, 0xFF, 0xFF, 0xFF, 0x24, 0x00, 0x00, 0x00, 0x00, 0x00, 0x00,
  0x00, 0x00, 0x00, 0x08, 0xFF, 0xFF, 0xFF, 0x24, 0x00, 0x00, 0x00, 0x00, 0x00, 0x00, 0x00, 0x00,
  0x00, 0x08, 0xFF, 0xFF, 0xFF, 0x24, 0x00, 0x00, 0x00, 0x00, 0x00, 0x00, 0x00, 0x00, 0x00, 0x08,
  0xFF, 0xFF, 0xFF, 0x24, 0x00, 0x00, 0x00, 0x00, 0x00, 0x00, 0x00, 0x00, 0x00, 0x08, 0xFF, 0xFF,
  0xFF, 0xFF, 0xFF, 0xFF, 0xFF, 0xFF, 0xFF, 0xFF, 0x18, 0x00, 0x00, 0x08, 0xFF, 0xFF, 0xFF, 0xFF,
  0xFF, 0xFF, 0xFF, 0xFF, 0xFF, 0xFF, 0x18, 0x00, 0x00, 0x08, 0xFF, 0xFF, 0xFF, 0x24, 0x00, 0x00,
  0x00, 0x00, 0x00, 0x00, 0x00, 0x00, 0x00, 0x08, 0xFF, 0xFF, 0xFF, 0x24, 0x00, 0x00, 0x00, 0x00,
  0x00, 0x00, 0x00, 0x00, 0x00, 0x08, 0xFF, 0xFF, 0xFF, 0x24, 0x00, 0x00, 0x00, 0x00, 0x00, 0x00,
  0x00, 0x00, 0x00, 0x08, 0xFF, 0xFF, 0xFF, 0x24, 0x00, 0x00, 0x00, 0x00, 0x00, 0x00, 0x00, 0x00,
  0x00, 0x08, 0xFF, 0xFF, 0xFF, 0x24, 0x00, 0x00, 0x00, 0x00, 0x00, 0x00, 0x00, 0x00, 0x00, 0x08,
  0xFF, 0xFF, 0xFF, 0x24, 0x00, 0x00, 0x00, 0x00, 0x00, 0x00, 0x00, 0x00, 0x00, 0x08, 0xFF, 0xFF,
  0xFF, 0xFF, 0xFF, 0xFF, 0xFF, 0xFF, 0xFF, 0xFF, 0xFF, 0x04, 0x00, 0x08, 0xFF, 0xFF, 0xFF, 0xFF,
  0xFF, 0xFF, 0xFF, 0xFF, 0xFF, 0xFF, 0xFF, 0x04, 0x00, 0x08, 0xFF, 0xFF, 0xFF, 0xFF, 0xFF, 0xFF,
  0xFF, 0xFF, 0xFF, 0xFF, 0xC0, 0x00, 0x00, 0x08, 0xFF, 0xFF, 0xFF, 0xFF, 0xFF, 0xFF, 0xFF, 0xFF,
  0xFF, 0xFF, 0xC0, 0x00, 0x00, 0x08, 0xFF, 0xFF, 0xFF, 0x24, 0x00, 0x00, 0x00, 0x00, 0x00, 0x00,
  0x00, 0x00, 0x00, 0x08, 0xFF, 0xFF, 0xFF, 0x24, 0x00, 0x00, 0x00, 0x00, 0x00, 0x00, 0x00, 0x00,
  0x00, 0x08, 0xFF, 0xFF, 0xFF, 0x24, 0x00, 0x00, 0x00, 0x00, 0x00, 0x00, 0x00, 0x00, 0x00, 0x08,
  0xFF, 0xFF, 0xFF, 0x24, 0x00, 0x00, 0x00, 0x00, 0x00, 0x00, 0x00, 0x00, 0x00, 0x08, 0xFF, 0xFF,
  0xFF, 0x24, 0x00, 0x00, 0x00, 0x00, 0x00, 0x00, 0x00, 0x00, 0x00, 0x08, 0xFF, 0xFF, 0xFF, 0xFF,
  0xFF, 0xFF, 0xFF, 0xFF, 0xFF, 0xC4, 0x00, 0x00, 0x00, 0x08, 0xFF, 0xFF, 0xFF, 0xFF, 0xFF, 0xFF,
  0xFF, 0xFF, 0xFF, 0xC4, 0x00, 0x00, 0x00, 0x08, 0xFF, 0xFF, 0xFF, 0x24, 0x00, 0x00, 0x00, 0x00,
  0x00, 0x00, 0x00, 0x00, 0x00, 0x08, 0xFF, 0xFF, 0xFF, 0x24, 0x00, 0x00, 0x00, 0x00, 0x00, 0x00,
  0x00, 0x00, 0x00, 0x08, 0xFF, 0xFF, 0xFF, 0x24, 0x00, 0x00, 0x00, 0x00, 0x00, 0x00, 0x00, 0x00,
  0x00, 0x08, 0xFF, 0xFF, 0xFF, 0x24, 0x00, 0x00, 0x00, 0x00, 0x00, 0x00, 0x00, 0x00, 0x00, 0x08,
  0xFF, 0xFF, 0xFF, 0x24, 0x00, 0x00, 0x00, 0x00, 0x00, 0x00, 0x00, 0x00, 0x00, 0x08, 0xFF, 0xFF,
  0xFF, 0x24, 0x00, 0x00, 0x00, 0x00, 0x00, 0x00, 0x00, 0x00, 0x00, 0x08, 0xFF, 0xFF, 0xFF, 0x24,
  0x00, 0x00, 0x00, 0x00, 0x00, 0x00, 0x00, 0x00, 0x00, 0x08, 0xFF, 0xFF, 0xFF, 0x24, 0x00, 0x00,
  0x00, 0x00, 0x00, 0x00, 0x00, 0x00, 0x00, 0x00, 0x00, 0x00, 0x01, 0x55, 0xAE, 0xE3, 0xF8, 0xE9,
  0xCB, 0x7D, 0x1A, 0x00, 0x00, 0x00, 0x00, 0x00, 0x00, 0x00, 0x16, 0xC5, 0xFF, 0xFF, 0xFF, 0xFF,
  0xFF, 0xFF, 0xFF, 0xF3, 0x55, 0x00, 0x00, 0x00, 0x00, 0x00, 0x0B, 0xD6, 0xFF, 0xFF, 0xA2, 0x2E,
  0x07, 0x20, 0x78, 0xF7, 0xFF, 0xFF, 0x4D, 0x00, 0x00, 0x00, 0x00, 0x92, 0xFF, 0xFF, 0x92, 0x00,
  0x00, 0x00, 0x00, 0x00, 0x55, 0xFF, 0xFF, 0xC0, 0x00, 0x00, 0x00, 0x14, 0xF6, 0xFF, 0xF6, 0x0F,
  0x00, 0x00, 0x00, 0x00, 0x00, 0x00, 0xA4, 0x66, 0x03, 0x00, 0x00, 0x00, 0x5D, 0xFF, 0xFF, 0xBF,
  0x00, 0x00, 0x00, 0x00, 0x00, 0x00, 0x00, 0x00, 0x00, 0x00, 0x00, 0x00, 0x00, 0x95, 0xFF, 0xFF,
  0xA3, 0x00, 0x00, 0x00, 0x00, 0x00, 0x00, 0x00, 0x00, 0x00, 0x00, 0x00, 0x00, 0x00, 0xAE, 0xFF,
  0xFF, 0x9C, 0x00, 0x00, 0x00, 0x00, 0x00, 0x00, 0x00, 0x00, 0x00, 0x00, 0x00, 0x00, 0x00, 0xBB,
  0xFF, 0xFF, 0x9C, 0x00, 0x00, 0x00, 0x00, 0xF4, 0xFF, 0xFF, 0xFF, 0xFF, 0xFF, 0x64, 0x00, 0x00,
  0xB0, 0xFF, 0xFF, 0x9C, 0x00, 0x00, 0x00, 0x00, 0xF4, 0xFF, 0xFF, 0xFF, 0xFF, 0xFF, 0x64, 0x00,
  0x00, 0x9A, 0xFF, 0xFF, 0xA3, 0x00, 0x00, 0x00, 0x00, 0x00, 0x00, 0x00, 0xA8, 0xFF, 0xFF, 0x64,
  0x00, 0x00, 0x65, 0xFF, 0xFF, 0xC1, 0x00, 0x00, 0x00, 0x00, 0x00, 0x00, 0x00, 0xAC, 0xFF, 0xFF,
  0x64, 0x00, 0x00, 0x1D, 0xFC, 0xFF, 0xF7, 0x11, 0x00, 0x00, 0x00, 0x00, 0x00, 0x00, 0xD2, 0xFF,
  0xFF, 0x64, 0x00, 0x00, 0x00, 0xA8, 0xFF, 0xFF, 0x98, 0x00, 0x00, 0x00, 0x00, 0x00, 0x52, 0xFF,
  0xFF, 0xFF, 0x64, 0x00, 0x00, 0x00, 0x19, 0xEC, 0xFF, 0xFF, 0xA6, 0x30, 0x07, 0x1D, 0x70, 0xF2,
  0xFD, 0xFF, 0xFF, 0x64, 0x00, 0x00, 0x00, 0x00, 0x2E, 0xE3, 0xFF, 0xFF, 0xFF, 0xFF, 0xFF, 0xFF,
  0xFA, 0x97, 0xFF, 0xFF, 0x64, 0x00, 0x00, 0x00, 0x00, 0x00, 0x0C, 0x79, 0xCA, 0xF1, 0xF8, 0xE2,
  0xA4, 0x33, 0x5C, 0xFF, 0xFF, 0x64, 0x00, 0x00, 0x08, 0xFF, 0xFF, 0xFF, 0x24, 0x00, 0x00, 0x00,
  0x00, 0x00, 0x00, 0xE0, 0xFF, 0xFF, 0x48, 0x00, 0x00, 0x08, 0xFF, 0xFF, 0xFF, 0x24, 0x00, 0x00,
  0x00, 0x00, 0x00, 0x00, 0xE0, 0xFF, 0xFF, 0x48, 0x00, 0x00, 0x08, 0xFF, 0xFF, 0xFF, 0x24, 0x00,
  0x00, 0x00, 0x00, 0x00, 0x00, 0xE0, 0xFF, 0xFF, 0x48, 0x00, 0x00, 0x08, 0xFF, 0xFF, 0xFF, 0x24,
  0x00, 0x00, 0x00, 0x00, 0x00, 0x00, 0xE0, 0xFF, 0xFF, 0x48, 0x00, 0x00, 0x08, 0xFF, 0xFF, 0xFF,
  0x24, 0x00, 0x00, 0x00, 0x00, 0x00, 0x00, 0xE0, 0xFF, 0xFF, 0x48, 0x00, 0x00, 0x08, 0xFF, 0xFF,
  0xFF, 0x24, 0x00, 0x00, 0x00, 0x00, 0x00, 0x00, 0xE0, 0xFF, 0xFF, 0x48, 0x00, 0x00, 0x08, 0xFF,
  0xFF, 0xFF, 0x24, 0x00, 0x00, 0x00, 0x00, 0x00, 0x00, 0xE0, 0xFF, 0xFF, 0x48, 0x00, 0x00, 0x08,
  0xFF, 0xFF, 0xFF, 0xFF, 0xFF, 0xFF, 0xFF, 0xFF, 0xFF, 0xFF, 0xFF, 0xFF, 0xFF, 0x48, 0x00, 0x00,
  0x08, 0xFF, 0xFF, 0xFF, 0xFF, 0xFF, 0xFF, 0xFF, 0xFF, 0xFF, 0xFF, 0xFF, 0xFF, 0xFF, 0x48, 0x00,
  0x00, 0x08, 0xFF, 0xFF, 0xFF, 0x24, 0x00, 0x00, 0x00, 0x00, 0x00, 0x00, 0xE0, 0xFF, 0xFF, 0x48,
  0x00, 0x00, 0x08, 0xFF, 0xFF, 0xFF, 0x24, 0x00, 0x00, 0x00, 0x00, 0x00, 0x00, 0xE0, 0xFF, 0xFF,
  0x48, 0x00, 0x00, 0x08, 0xFF, 0xFF, 0xFF, 0x24, 0x00, 0x00, 0x00, 0x00, 0x00, 0x00, 0xE0, 0xFF,
  0xFF, 0x48, 0x00, 0x00, 0x08, 0xFF, 0xFF, 0xFF, 0x24, 0x00, 0x00, 0x00, 0x00, 0x00, 0x00, 0xE0,
  0xFF, 0xFF, 0x48, 0x00, 0x00, 0x08, 0xFF, 0xFF, 0xFF, 0x24, 0x00, 0x00, 0x00, 0x00, 0x00, 0x00,
  0xE0, 0xFF, 0xFF, 0x48, 0x00, 0x00, 0x08, 0xFF, 0xFF, 0xFF, 0x24, 0x00, 0x00, 0x00, 0x00, 0x00,
  0x00, 0xE0, 0xFF, 0xFF, 0x48, 0x00, 0x00, 0x08, 0xFF, 0xFF, 0xFF, 0x24, 0x00, 0x00, 0x00, 0x00,
  0x00, 0x00, 0xE0, 0xFF, 0xFF, 0x48, 0x00, 0x00, 0x08, 0xFF, 0xFF, 0xFF, 0x24, 0x00, 0x00, 0x00,
  0x00, 0x00, 0x00, 0xE0, 0xFF, 0xFF, 0x48, 0x00, 0x00, 0xBC, 0xFF, 0xFF, 0xFF, 0xFF, 0xFF, 0xFF,
  0xE0, 0x00, 0x00, 0xBC, 0xFF, 0xFF, 0xFF, 0xFF, 0xFF, 0xFF, 0xE0, 0x00, 0x00, 0x00, 0x00, 0x84,
  0xFF, 0xFF, 0xA4, 0x00, 0x00, 0x00, 0x00, 0x00, 0x00, 0x84, 0xFF, 0xFF, 0xA4, 0x00, 0x00, 0x00,
  0x00, 0x00, 0x00, 0x84, 0xFF, 0xFF, 0xA4, 0x00, 0x00, 0x00, 0x00, 0x00, 0x00, 0x84, 0xFF, 0xFF,
  0xA4, 0x00, 0x00, 0x00, 0x00, 0x00, 0x00, 0x84, 0xFF, 0xFF, 0xA4, 0x00, 0x00, 0x00, 0x00, 0x00,
  0x00, 0x84, 0xFF, 0xFF, 0xA4, 0x00, 0x00, 0x00, 0x00, 0x00, 0x00, 0x84, 0xFF, 0xFF, 0xA4, 0x00,
  0x00, 0x00, 0x00, 0x00, 0x00, 0x84, 0xFF, 0xFF, 0xA4, 0x00, 0x00, 0x00, 0x00, 0x00, 0x00, 0x84,
  0xFF, 0xFF, 0xA4, 0x00, 0x00, 0x00, 0x00, 0x00, 0x00, 0x84, 0xFF, 0xFF, 0xA4, 0x00, 0x00, 0x00,
  0x00, 0x00, 0x00, 0x84, 0xFF, 0xFF, 0xA4, 0x00, 0x00, 0x00, 0x00, 0x00, 0x00, 0x84, 0xFF, 0xFF,
  0xA4, 0x00, 0x00, 0x00, 0x00, 0x00, 0x00, 0x84, 0xFF, 0xFF, 0xA4, 0x00, 0x00, 0x00, 0x00, 0xBC,
  0xFF, 0xFF, 0xFF, 0xFF, 0xFF, 0xFF, 0xE0, 0x00, 0x00, 0xBC, 0xFF, 0xFF, 0xFF, 0xFF, 0xFF, 0xFF,
  0xE0, 0x00, 0x00, 0x00, 0x3C, 0xFF, 0xFF, 0xFF, 0xFF, 0xFF, 0xFF, 0xFF, 0xFF, 0x34, 0x00, 0x00,
  0x00, 0x3C, 0xFF, 0xFF, 0xFF, 0xFF, 0xFF, 0xFF, 0xFF, 0xFF, 0x34, 0x00, 0x00, 0x00, 0x00, 0x00,
  0x00, 0x00, 0x00, 0x00, 0xF4, 0xFF, 0xFF, 0x34, 0x00, 0x00, 0x00, 0x00, 0x00, 0x00, 0x00, 0x00,
  0x00, 0xF4, 0xFF, 0xFF, 0x34, 0x00, 0x00, 0x00, 0x00, 0x00, 0x00, 0x00, 0x00, 0x00, 0xF4, 0xFF,
  0xFF, 0x34, 0x00, 0x00, 0x00, 0x00, 0x00, 0x00, 0x00, 0x00, 0x00, 0xF4, 0xFF, 0xFF, 0x34, 0x00,
  0x00, 0x00, 0x00, 0x00, 0x00, 0x00, 0x00, 0x00, 0xF4, 0xFF, 0xFF, 0x34, 0x00, 0x00, 0x00, 0x00,
  0x00, 0x00, 0x00, 0x00, 0x00, 0xF4, 0xFF, 0xFF, 0x34, 0x00, 0x00, 0x00, 0x00, 0x00, 0x00, 0x00,
  0x00, 0x00, 0xF4, 0xFF, 0xFF, 0x34, 0x00, 0x00, 0x00, 0x00, 0x00, 0x00, 0x00, 0x00, 0x00, 0xF4,
  0xFF, 0xFF, 0x34, 0x00, 0x00, 0x00, 0x00, 0x00, 0x00, 0x00, 0x00, 0x00, 0xF4, 0xFF, 0xFF, 0x34,
  0x00, 0x00, 0x00, 0x00, 0x00, 0x00, 0x00, 0x00, 0x00, 0xF4, 0xFF, 0xFF, 0x34, 0x00, 0x00, 0x00,
  0x0D, 0x1F, 0x00, 0x00, 0x00, 0x01, 0xFA, 0xFF, 0xFF, 0x29, 0x00, 0x34, 0xD6, 0xFD, 0xCD, 0x00,
  0x00, 0x00, 0x29, 0xFF, 0xFF, 0xF5, 0x08, 0x00, 0x0F, 0xF3, 0xFF, 0xFF, 0x85, 0x10, 0x23, 0xC2,
  0xFF, 0xFF, 0x9B, 0x00, 0x00, 0x00, 0x63, 0xFE, 0xFF, 0xFF, 0xFF, 0xFF, 0xFF, 0xFF, 0xCE, 0x0F,
  0x00, 0x00, 0x00, 0x00, 0x40, 0xAD, 0xE5, 0xFB, 0xF5, 0xCC, 0x74, 0x08, 0x00, 0x00, 0x00, 0x00,
  0x08, 0xFF, 0xFF, 0xFF, 0x24, 0x00, 0x00, 0x00, 0x00, 0x00, 0x9E, 0xFF, 0xFF, 0xE8, 0x1D, 0x00,
  0x08, 0xFF, 0xFF, 0xFF, 0x24, 0x00, 0x00, 0x00, 0x00, 0x6C, 0xFF, 0xFF, 0xF9, 0x3A, 0x00, 0x00,
  0x08, 0xFF, 0xFF, 0xFF, 0x24, 0x00, 0x00, 0x00, 0x3D, 0xFA, 0xFF, 0xFF, 0x61, 0x00, 0x00, 0x00,
  0x08, 0xFF, 0xFF, 0xFF, 0x24, 0x00, 0x00, 0x1C, 0xE9, 0xFF, 0xFF, 0x8D, 0x00, 0x00, 0x00, 0x00,
  0x08, 0xFF, 0xFF, 0xFF, 0x24, 0x00, 0x08, 0xCA, 0xFF, 0xFF, 0xB7, 0x03, 0x00, 0x00, 0x00, 0x00,
  0x08, 0xFF, 0xFF, 0xFF, 0x24, 0x00, 0x9B, 0xFF, 0xFF, 0xD8, 0x0F, 0x00, 0x00, 0x00, 0x00, 0x00,
  0x08, 0xFF, 0xFF, 0xFF, 0x24, 0x5A, 0xFF, 0xFF, 0xEF, 0x25, 0x00, 0x00, 0x00, 0x00, 0x00, 0x00,
  0x08, 0xFF, 0xFF, 0xFF, 0x4A, 0xF3, 0xFF, 0xFF, 0xD5, 0x05, 0x00, 0x00, 0x00, 0x00, 0x00, 0x00,
  0x08, 0xFF, 0xFF, 0xFF, 0xE8, 0xFF, 0xFF, 0xFF, 0xFF, 0x7C, 0x00, 0x00, 0x00, 0x00, 0x00, 0x00,
  0x08, 0xFF, 0xFF, 0xFF, 0xFF, 0xF7, 0xA7, 0xFF, 0xFF, 0xF8, 0x27, 0x00, 0x00, 0x00, 0x00, 0x00,
  0x08, 0xFF, 0xFF, 0xFF, 0xFF, 0x59, 0x06, 0xD8, 0xFF, 0xFF, 0xC2, 0x01, 0x00, 0x00, 0x00, 0x00,
  0x08, 0xFF, 0xFF, 0xFF, 0x7F, 0x00, 0x00, 0x42, 0xFF, 0xFF, 0xFF, 0x66, 0x00, 0x00, 0x00, 0x00,
  0x08, 0xFF, 0xFF, 0xFF, 0x24, 0x00, 0x00, 0x00, 0xA4, 0xFF, 0xFF, 0xF0, 0x19, 0x00, 0x00, 0x00,
  0x08, 0xFF, 0xFF, 0xFF, 0x24, 0x00, 0x00, 0x00, 0x16, 0xEF, 0xFF, 0xFF, 0xAC, 0x00, 0x00, 0x00,
  0x08, 0xFF, 0xFF, 0xFF, 0x24, 0x00, 0x00, 0x00, 0x00, 0x68, 0xFF, 0xFF, 0xFF, 0x4F, 0x00, 0x00,
  0x08, 0xFF, 0xFF, 0xFF, 0x24, 0x00, 0x00, 0x00, 0x00, 0x01, 0xC7, 0xFF, 0xFF, 0xE4, 0x0E, 0x00,
  0x08, 0xFF, 0xFF, 0xFF, 0x24, 0x00, 0x00, 0x00, 0x00, 0x00, 0x2F, 0xFB, 0xFF, 0xFF, 0x96, 0x00,
  0x08, 0xFF, 0xFF, 0xFF, 0x24, 0x00, 0x00, 0x00, 0x00, 0x00, 0x00, 0x00, 0x00, 0x08, 0xFF, 0xFF,
  0xFF, 0x24, 0x00, 0x00, 0x00, 0x00, 0x00, 0x00, 0x00, 0x00, 0x08, 0xFF, 0xFF, 0xFF, 0x24, 0x00,
  0x00, 0x00, 0x00, 0x00, 0x00, 0x00, 0x00, 0x08, 0xFF, 0xFF, 0xFF, 0x24, 0x00, 0x00, 0x00, 0x00,
  0x00, 0x00, 0x00, 0x00, 0x08, 0xFF, 0xFF, 0xFF, 0x24, 0x00, 0x00, 0x00, 0x00, 0x00, 0x00, 0x00,
  0x00, 0x08, 0xFF, 0xFF, 0xFF, 0x24, 0x00, 0x00, 0x00, 0x00, 0x00, 0x00, 0x00, 0x00, 0x08, 0xFF,
  0xFF, 0xFF, 0x24, 0x00, 0x00, 0x00, 0x00, 0x00, 0x00, 0x00, 0x00, 0x08, 0xFF, 0xFF, 0xFF, 0x24,
  0x00, 0x00, 0x00, 0x00, 0x00, 0x00, 0x00, 0x00, 0x08, 0xFF, 0xFF, 0xFF, 0x24, 0x00, 0x00, 0x00,
  0x00, 0x00, 0x00, 0x00, 0x00, 0x08, 0xFF, 0xFF, 0xFF, 0x24, 0x00, 0x00, 0x00, 0x00, 0x00, 0x00,
  0x00, 0x00, 0x08, 0xFF, 0xFF, 0xFF, 0x24, 0x00, 0x00, 0x00, 0x00, 0x00, 0x00, 0x00, 0x00, 0x08,
  0xFF, 0xFF, 0xFF, 0x24, 0x00, 0x00, 0x00, 0x00, 0x00, 0x00, 0x00, 0x00, 0x08, 0xFF, 0xFF, 0xFF,
  0x24, 0x00, 0x00, 0x00, 0x00, 0x00, 0x00, 0x00, 0x00, 0x08, 0xFF, 0xFF, 0xFF, 0x24, 0x00, 0x00,
  0x00, 0x00, 0x00, 0x00, 0x00, 0x00, 0x08, 0xFF, 0xFF, 0xFF, 0x24, 0x00, 0x00, 0x00, 0x00, 0x00,
  0x00, 0x00, 0x00, 0x08, 0xFF, 0xFF, 0xFF, 0xFF, 0xFF, 0xFF, 0xFF, 0xFF, 0xFF, 0xBC, 0x00, 0x00,
  0x08, 0xFF, 0xFF, 0xFF, 0xFF, 0xFF, 0xFF, 0xFF, 0xFF, 0xFF, 0xBC, 0x00, 0x00, 0x08, 0xFF, 0xFF,
  0xFF, 0xCB, 0x00, 0x00, 0x00, 0x00, 0x00, 0x00, 0x00, 0x19, 0xF7, 0xFF, 0xFF, 0x9C, 0x00, 0x00,
  0x00, 0x08, 0xFF, 0xFF, 0xFF, 0xFF, 0x4F, 0x00, 0x00, 0x00, 0x00, 0x00, 0x00, 0x91, 0xFF, 0xFF,
  0xFF, 0x9C, 0x00, 0x00, 0x00, 0x08, 0xFF, 0xFF, 0xFF, 0xFF, 0xCF, 0x01, 0x00, 0x00, 0x00, 0x00,
  0x1A, 0xF7, 0xFF, 0xFF, 0xFF, 0x9C, 0x00, 0x00, 0x00, 0x08, 0xFF, 0xFF, 0xFF, 0xFF, 0xFF, 0x53,
  0x00, 0x00, 0x00, 0x00, 0x93, 0xFF, 0xFF, 0xFF, 0xFF, 0x9C, 0x00, 0x00, 0x00, 0x08, 0xFF, 0xFF,
  0xFD, 0xF7, 0xFF, 0xD3, 0x01, 0x00, 0x00, 0x1B, 0xF8, 0xFF, 0xF5, 0xFF, 0xFF, 0x9C, 0x00, 0x00,
  0x00, 0x08, 0xFF, 0xFF, 0xF8, 0x94, 0xFF, 0xFF, 0x57, 0x00, 0x00, 0x94, 0xFF, 0xFE, 0x8C, 0xFF,
  0xFF, 0x9C, 0x00, 0x00, 0x00, 0x08, 0xFF, 0xFF, 0xF8, 0x1F, 0xFB, 0xFF, 0xD6, 0x02, 0x1B, 0xF8,
  0xFF, 0xAE, 0x64, 0xFF, 0xFF, 0x9C, 0x00, 0x00, 0x00, 0x08, 0xFF, 0xFF, 0xF8, 0x00, 0xA0, 0xFF,
  0xFF, 0x5B, 0x95, 0xFF, 0xFF, 0x34, 0x64, 0xFF, 0xFF, 0x9C, 0x00, 0x00, 0x00, 0x08, 0xFF, 0xFF,
  0xF8, 0x00, 0x21, 0xF9, 0xFF, 0xE1, 0xF9, 0xFF, 0xAF, 0x00, 0x64, 0xFF, 0xFF, 0x9C, 0x00, 0x00,
  0x00, 0x08, 0xFF, 0xFF, 0xF8, 0x00, 0x00, 0x94, 0xFF, 0xFF, 0xFF, 0xFD, 0x2B, 0x00, 0x64, 0xFF,
  0xFF, 0x9C, 0x00, 0x00, 0x00, 0x08, 0xFF, 0xFF, 0xF8, 0x00, 0x00, 0x18, 0xF5, 0xFF, 0xFF, 0xA2,
  0x00, 0x00, 0x64, 0xFF, 0xFF, 0x9C, 0x00, 0x00, 0x00, 0x08, 0xFF, 0xFF, 0xF8, 0x00, 0x00, 0x00,
  0x86, 0xFF, 0xFA, 0x21, 0x00, 0x00, 0x64, 0xFF, 0xFF, 0x9C, 0x00, 0x00, 0x00, 0x08, 0xFF, 0xFF,
  0xF8, 0x00, 0x00, 0x00, 0x10, 0xEE, 0x95, 0x00, 0x00, 0x00, 0x64, 0xFF, 0xFF, 0x9C, 0x00, 0x00,
  0x00, 0x08, 0xFF, 0xFF, 0xF8, 0x00, 0x00, 0x00, 0x00, 0x6D, 0x19, 0x00, 0x00, 0x00, 0x64, 0xFF,
  0xFF, 0x9C, 0x00, 0x00, 0x00, 0x08, 0xFF, 0xFF, 0xF8, 0x00, 0x00, 0x00, 0x00, 0x00, 0x00, 0x00,
  0x00, 0x00, 0x64, 0xFF, 0xFF, 0x9C, 0x00, 0x00, 0x00, 0x08, 0xFF, 0xFF, 0xF8, 0x00, 0x00, 0x00,
  0x00, 0x00, 0x00, 0x00, 0x00, 0x00, 0x64, 0xFF, 0xFF, 0x9C, 0x00, 0x00, 0x00, 0x08, 0xFF, 0xFF,
  0xF8, 0x00, 0x00, 0x00, 0x00, 0x00, 0x00, 0x00, 0x00, 0x00, 0x64, 0xFF, 0xFF, 0x9C, 0x00, 0x00,
  0x00, 0x08, 0xFF, 0xFF, 0xFF, 0xBC, 0x00, 0x00, 0x00, 0x00, 0x00, 0x00, 0xB8, 0xFF, 0xFF, 0x48,
  0x00, 0x00, 0x08, 0xFF, 0xFF, 0xFF, 0xFF, 0x4F, 0x00, 0x00, 0x00, 0x00, 0x00, 0xB8, 0xFF, 0xFF,
  0x48, 0x00, 0x00, 0x08, 0xFF, 0xFF, 0xFF, 0xFF, 0xDC, 0x06, 0x00, 0x00, 0x00, 0x00, 0xB8, 0xFF,
  0xFF, 0x48, 0x00, 0x00, 0x08, 0xFF, 0xFF, 0xFF, 0xFF, 0xFF, 0x75, 0x00, 0x00, 0x00, 0x00, 0xB8,
  0xFF, 0xFF, 0x48, 0x00, 0x00, 0x08, 0xFF, 0xFF, 0xFD, 0xF6, 0xFF, 0xF1, 0x17, 0x00, 0x00, 0x00,
  0xB8, 0xFF, 0xFF, 0x48, 0x00, 0x00, 0x08, 0xFF, 0xFF, 0xF8, 0x90, 0xFF, 0xFF, 0x9B, 0x00, 0x00,
  0x00, 0xB8, 0xFF, 0xFF, 0x48, 0x00, 0x00, 0x08, 0xFF, 0xFF, 0xF8, 0x1A, 0xF8, 0xFF, 0xFD, 0x31,
  0x00, 0x00, 0xB8, 0xFF, 0xFF, 0x48, 0x00, 0x00, 0x08, 0xFF, 0xFF, 0xF8, 0x00, 0x98, 0xFF, 0xFF,
  0xC1, 0x00, 0x00, 0xB8, 0xFF, 0xFF, 0x48, 0x00, 0x00, 0x08, 0xFF, 0xFF, 0xF8, 0x00, 0x1D, 0xF6,
  0xFF, 0xFF, 0x54, 0x00, 0xB8, 0xFF, 0xFF, 0x48, 0x00, 0x00, 0x08, 0xFF, 0xFF, 0xF8, 0x00, 0x00,
  0x82, 0xFF, 0xFF, 0xD5, 0x01, 0xB8, 0xFF, 0xFF, 0x48, 0x00, 0x00, 0x08, 0xFF, 0xFF, 0xF8, 0x00,
  0x00, 0x0A, 0xE3, 0xFF, 0xFF, 0x54, 0xB8, 0xFF, 0xFF, 0x48, 0x00, 0x00, 0x08, 0xFF, 0xFF, 0xF8,
  0x00, 0x00, 0x00, 0x5B, 0xFF, 0xFF, 0xD0, 0xB9, 0xFF, 0xFF, 0x48, 0x00, 0x00, 0x08, 0xFF, 0xFF,
  0xF8, 0x00, 0x00, 0x00, 0x00, 0xC6, 0xFF, 0xFF, 0xF4, 0xFF, 0xFF, 0x48, 0x00, 0x00, 0x08, 0xFF,
  0xFF, 0xF8, 0x00, 0x00, 0x00, 0x00, 0x35, 0xFE, 0xFF, 0xFF, 0xFF, 0xFF, 0x48, 0x00, 0x00, 0x08,
  0xFF, 0xFF, 0xF8, 0x00, 0x00, 0x00, 0x00, 0x00, 0xA1, 0xFF, 0xFF, 0xFF, 0xFF, 0x48, 0x00, 0x00,
  0x08, 0xFF, 0xFF, 0xF8, 0x00, 0x00, 0x00, 0x00, 0x00, 0x19, 0xF3, 0xFF, 0xFF, 0xFF, 0x48, 0x00,
  0x00, 0x08, 0xFF, 0xFF, 0xF8, 0x00, 0x00, 0x00, 0x00, 0x00, 0x00, 0x7A, 0xFF, 0xFF, 0xFF, 0x48,
  0x00, 0x00, 0x00, 0x00, 0x00, 0x05, 0x66, 0xBA, 0xE8, 0xF9, 0xEA, 0xC0, 0x70, 0x0A, 0x00, 0x00,
  0x00, 0x00, 0x00, 0x00, 0x00, 0x24, 0xD9, 0xFF, 0xFF, 0xFF, 0xFF, 0xFF, 0xFF, 0xFF, 0xE3, 0x31,
  0x00, 0x00, 0x00, 0x00, 0x00, 0x13, 0xE5, 0xFF, 0xFF, 0x9C, 0x28, 0x06, 0x23, 0x8D, 0xFF, 0xFF,
  0xF0, 0x21, 0x00, 0x00, 0x00, 0x00, 0xA1, 0xFF, 0xFF, 0x95, 0x00, 0x00, 0x00, 0x00, 0x00, 0x81,
  0xFF, 0xFF, 0xBB, 0x00, 0x00, 0x00, 0x1A, 0xFA, 0xFF, 0xF8, 0x11, 0x00, 0x00, 0x00, 0x00, 0x00,
  0x07, 0xEC, 0xFF, 0xFF, 0x2D, 0x00, 0x00, 0x63, 0xFF, 0xFF, 0xC2, 0x00, 0x00, 0x00, 0x00, 0x00,
  0x00, 0x00, 0xAC, 0xFF, 0xFF, 0x7A, 0x00, 0x00, 0x98, 0xFF, 0xFF, 0xA3, 0x00, 0x00, 0x00, 0x00,
  0x00, 0x00, 0x00, 0x8D, 0xFF, 0xFF, 0xAF, 0x00, 0x00, 0xAF, 0xFF, 0xFF, 0x9C, 0x00, 0x00, 0x00,
  0x00, 0x00, 0x00, 0x00, 0x84, 0xFF, 0xFF, 0xC6, 0x00, 0x00, 0xBC, 0xFF, 0xFF, 0x9C, 0x00, 0x00,
  0x00, 0x00, 0x00, 0x00, 0x00, 0x84, 0xFF, 0xFF, 0xD3, 0x00, 0x00, 0xAF, 0xFF, 0xFF, 0x9C, 0x00,
  0x00, 0x00, 0x00, 0x00, 0x00, 0x00, 0x84, 0xFF, 0xFF, 0xC6, 0x00, 0x00, 0x98, 0xFF, 0xFF, 0xA3,
  0x00, 0x00, 0x00, 0x00, 0x00, 0x00, 0x00, 0x8D, 0xFF, 0xFF, 0xB0, 0x00, 0x00, 0x63, 0xFF, 0xFF,
  0xC2, 0x00, 0x00, 0x00, 0x00, 0x00, 0x00, 0x00, 0xAC, 0xFF, 0xFF, 0x7A, 0x00, 0x00, 0x1B, 0xFB,
  0xFF, 0xF8, 0x11, 0x00, 0x00, 0x00, 0x00, 0x00, 0x07, 0xEC, 0xFF, 0xFF, 0x2F, 0x00, 0x00, 0x00,
  0xA3, 0xFF, 0xFF, 0x94, 0x00, 0x00, 0x00, 0x00, 0x00, 0x80, 0xFF, 0xFF, 0xBC, 0x00, 0x00, 0x00,
  0x00, 0x15, 0xE7, 0xFF, 0xFF, 0x9B, 0x27, 0x06, 0x22, 0x8D, 0xFF, 0xFF, 0xF1, 0x23, 0x00, 0x00,
  0x00, 0x00, 0x00, 0x26, 0xDB, 0xFF, 0xFF, 0xFF, 0xFF, 0xFF, 0xFF, 0xFF, 0xE5, 0x33, 0x00, 0x00,
  0x00, 0x00, 0x00, 0x00, 0x00, 0x06, 0x6A, 0xBC, 0xEA, 0xFA, 0xEC, 0xC3, 0x74, 0x0B, 0x00, 0x00,
  0x00, 0x00, 0x00, 0x08, 0xFF, 0xFF, 0xFF, 0xFF, 0xFF, 0xFF, 0xFF, 0xFD, 0xE6, 0xA3, 0x29, 0x00,
  0x00, 0x00, 0x08, 0xFF, 0xFF, 0xFF, 0xFF, 0xFF, 0xFF, 0xFF, 0xFF, 0xFF, 0xFF, 0xF5, 0x3F, 0x00,
  0x00, 0x08, 0xFF, 0xFF, 0xFF, 0x24, 0x00, 0x00, 0x00, 0x0E, 0x88, 0xFF, 0xFF, 0xE1, 0x05, 0x00,
  0x08, 0xFF, 0xFF, 0xFF, 0x24, 0x00, 0x00, 0x00, 0x00, 0x03, 0xED, 0xFF, 0xFF, 0x44, 0x00, 0x08,
  0xFF, 0xFF, 0xFF, 0x24, 0x00, 0x00, 0x00, 0x00, 0x00, 0xD1, 0xFF, 0xFF, 0x6D, 0x00, 0x08, 0xFF,
  0xFF, 0xFF, 0x24, 0x00, 0x00, 0x00, 0x00, 0x00, 0xD1, 0xFF, 0xFF, 0x6D, 0x00, 0x08, 0xFF, 0xFF,
  0xFF, 0x24, 0x00, 0x00, 0x00, 0x00, 0x04, 0xEE, 0xFF, 0xFF, 0x45, 0x00, 0x08, 0xFF, 0xFF, 0xFF,
  0x24, 0x00, 0x00, 0x00, 0x0E, 0x8B, 0xFF, 0xFF, 0xE2, 0x06, 0x00, 0x08, 0xFF, 0xFF, 0xFF, 0xFF,
  0xFF, 0xFF, 0xFF, 0xFF, 0xFF, 0xFF, 0xF5, 0x40, 0x00, 0x00, 0x08, 0xFF, 0xFF, 0xFF, 0xFF, 0xFF,
  0xFF, 0xFF, 0xFD, 0xE7, 0xA4, 0x29, 0x00, 0x00, 0x00, 0x08, 0xFF, 0xFF, 0xFF, 0x24, 0x00, 0x00,
  0x00, 0x00, 0x00, 0x00, 0x00, 0x00, 0x00, 0x00, 0x08, 0xFF, 0xFF, 0xFF, 0x24, 0x00, 0x00, 0x00,
  0x00, 0x00, 0x00, 0x00, 0x00, 0x00, 0x00, 0x08, 0xFF, 0xFF, 0xFF, 0x24, 0x00, 0x00, 0x00, 0x00,
  0x00, 0x00, 0x00, 0x00, 0x00, 0x00, 0x08, 0xFF, 0xFF, 0xFF, 0x24, 0x00, 0x00, 0x00, 0x00, 0x00,
  0x00, 0x00, 0x00, 0x00, 0x00, 0x08, 0xFF, 0xFF, 0xFF, 0x24, 0x00, 0x00, 0x00, 0x00, 0x00, 0x00,
  0x00, 0x00, 0x00, 0x00, 0x08, 0xFF, 0xFF, 0xFF, 0x24, 0x00, 0x00, 0x00, 0x00, 0x00, 0x00, 0x00,
  0x00, 0x00, 0x00, 0x08, 0xFF, 0xFF, 0xFF, 0x24, 0x00, 0x00, 0x00, 0x00, 0x00, 0x00, 0x00, 0x00,
  0x00, 0x00, 0x00, 0x00, 0x00, 0x05, 0x66, 0xBA, 0xE8, 0xF9, 0xEA, 0xC0, 0x70, 0x09, 0x00, 0x00,
  0x00, 0x00, 0x00, 0x00, 0x00, 0x22, 0xD7, 0xFF, 0xFF, 0xFF, 0xFF, 0xFF, 0xFF, 0xFF, 0xE2, 0x2F,
  0x00, 0x00, 0x00, 0x00, 0x00, 0x12, 0xE3, 0xFF, 0xFF, 0x9C, 0x28, 0x06, 0x23, 0x8D, 0xFF, 0xFF,
  0xEF, 0x1F, 0x00, 0x00, 0x00, 0x00, 0x9F, 0xFF, 0xFF, 0x95, 0x00, 0x00, 0x00, 0x00, 0x00, 0x81,
  0xFF, 0xFF, 0xB8, 0x00, 0x00, 0x00, 0x18, 0xFA, 0xFF, 0xF8, 0x11, 0x00, 0x00, 0x00, 0x00, 0x00,
  0x07, 0xEC, 0xFF, 0xFF, 0x2B, 0x00, 0x00, 0x60, 0xFF, 0xFF, 0xC2, 0x00, 0x00, 0x00, 0x00, 0x00,
  0x00, 0x00, 0xAC, 0xFF, 0xFF, 0x77, 0x00, 0x00, 0x96, 0xFF, 0xFF, 0xA3, 0x00, 0x00, 0x00, 0x00,
  0x00, 0x00, 0x00, 0x8D, 0xFF, 0xFF, 0xAD, 0x00, 0x00, 0xAE, 0xFF, 0xFF, 0x9C, 0x00, 0x00, 0x00,
  0x00, 0x00, 0x00, 0x00, 0x84, 0xFF, 0xFF, 0xC5, 0x00, 0x00, 0xBC, 0xFF, 0xFF, 0x9C, 0x00, 0x00,
  0x00, 0x00, 0x00, 0x00, 0x00, 0x84, 0xFF, 0xFF, 0xD3, 0x00, 0x00, 0xB3, 0xFF, 0xFF, 0x9C, 0x00,
  0x00, 0x00, 0x00, 0x00, 0x00, 0x00, 0x84, 0xFF, 0xFF, 0xCA, 0x00, 0x00, 0x9C, 0xFF, 0xFF, 0xA3,
  0x00, 0x00, 0x00, 0x00, 0x00, 0x00, 0x00, 0x8D, 0xFF, 0xFF, 0xB3, 0x00, 0x00, 0x6C, 0xFF, 0xFF,
  0xC2, 0x00, 0x00, 0x00, 0x00, 0x00, 0x00, 0x00, 0xAC, 0xFF, 0xFF, 0x85, 0x00, 0x00, 0x21, 0xFE,
  0xFF, 0xF8, 0x11, 0x00, 0x00, 0x00, 0x00, 0x00, 0x07, 0xEC, 0xFF, 0xFF, 0x39, 0x00, 0x00, 0x00,
  0xB2, 0xFF, 0xFF, 0x94, 0x00, 0x00, 0x00, 0x00, 0x00, 0x80, 0xFF, 0xFF, 0xCB, 0x00, 0x00, 0x00,
  0x00, 0x21, 0xEC, 0xFF, 0xFF, 0x9B, 0x27, 0x06, 0x22, 0x8D, 0xFF, 0xFF, 0xF6, 0x33, 0x00, 0x00,
  0x00, 0x00, 0x00, 0x35, 0xE4, 0xFF, 0xFF, 0xFF, 0xFF, 0xFF, 0xFF, 0xFF, 0xED, 0x44, 0x00, 0x00,
  0x00, 0x00, 0x00, 0x00, 0x00, 0x11, 0x7F, 0xD4, 0xFE, 0xFF, 0xFF, 0xD9, 0x86, 0x16, 0x00, 0x00,
  0x00, 0x00, 0x00, 0x00, 0x00, 0x00, 0x00, 0x00, 0x00, 0xC6, 0xFF, 0xFF, 0x34, 0x00, 0x00, 0x00,
  0x00, 0x00, 0x00, 0x00, 0x00, 0x00, 0x00, 0x00, 0x00, 0x00, 0x98, 0xFF, 0xFF, 0xFF, 0xFF, 0xC4,
  0x00, 0x00, 0x00, 0x00, 0x00, 0x00, 0x00, 0x00, 0x00, 0x00, 0x00, 0x11, 0xA1, 0xE7, 0xFD, 0xFF,
  0xC4, 0x00, 0x00, 0x00, 0x00, 0x00, 0x08, 0xFF, 0xFF, 0xFF, 0xFF, 0xFF, 0xFF, 0xFF, 0xFD, 0xE8,
  0xA5, 0x2A, 0x00, 0x00, 0x00, 0x00, 0x08, 0xFF, 0xFF, 0xFF, 0xFF, 0xFF, 0xFF, 0xFF, 0xFF, 0xFF,
  0xFF, 0xF5, 0x3E, 0x00, 0x00, 0x00, 0x08, 0xFF, 0xFF, 0xFF, 0x24, 0x00, 0x00, 0x00, 0x0E, 0x88,
  0xFF, 0xFF, 0xDF, 0x04, 0x00, 0x00, 0x08, 0xFF, 0xFF, 0xFF, 0x24, 0x00, 0x00, 0x00, 0x00, 0x03,
  0xED, 0xFF, 0xFF, 0x42, 0x00, 0x00, 0x08, 0xFF, 0xFF, 0xFF, 0x24, 0x00, 0x00, 0x00, 0x00, 0x00,
  0xD1, 0xFF, 0xFF, 0x6C, 0x00, 0x00, 0x08, 0xFF, 0xFF, 0xFF, 0x24, 0x00, 0x00, 0x00, 0x00, 0x00,
  0xD1, 0xFF, 0xFF, 0x6A, 0x00, 0x00, 0x08, 0xFF, 0xFF, 0xFF, 0x24, 0x00, 0x00, 0x00, 0x00, 0x04,
  0xEE, 0xFF, 0xFF, 0x45, 0x00, 0x00, 0x08, 0xFF, 0xFF, 0xFF, 0x24, 0x00, 0x00, 0x00, 0x0E, 0x8B,
  0xFF, 0xFF, 0xE3, 0x04, 0x00, 0x00, 0x08, 0xFF, 0xFF, 0xFF, 0xFF, 0xFF, 0xFF, 0xFF, 0xFF, 0xFF,
  0xFF, 0xF7, 0x40, 0x00, 0x00, 0x00, 0x08, 0xFF, 0xFF, 0xFF, 0xFF, 0xFF, 0xFF, 0xFF, 0xFF, 0xFF,
  0xBE, 0x29, 0x00, 0x00, 0x00, 0x00, 0x08, 0xFF, 0xFF, 0xFF, 0x24, 0x00, 0x00, 0xA4, 0xFF, 0xFF,
  0xB8, 0x00, 0x00, 0x00, 0x00, 0x00, 0x08, 0xFF, 0xFF, 0xFF, 0x24, 0x00, 0x00, 0x32, 0xFF, 0xFF,
  0xFF, 0x31, 0x00, 0x00, 0x00, 0x00, 0x08, 0xFF, 0xFF, 0xFF, 0x24, 0x00, 0x00, 0x00, 0xC0, 0xFF,
  0xFF, 0xA9, 0x00, 0x00, 0x00, 0x00, 0x08, 0xFF, 0xFF, 0xFF, 0x24, 0x00, 0x00, 0x00, 0x4E, 0xFF,
  0xFF, 0xFD, 0x24, 0x00, 0x00, 0x00, 0x08, 0xFF, 0xFF, 0xFF, 0x24, 0x00, 0x00, 0x00, 0x02, 0xDA,
  0xFF, 0xFF, 0x9A, 0x00, 0x00, 0x00, 0x08, 0xFF, 0xFF, 0xFF, 0x24, 0x00, 0x00, 0x00, 0x00, 0x6B,
  0xFF, 0xFF, 0xF8, 0x19, 0x00, 0x00, 0x08, 0xFF, 0xFF, 0xFF, 0x24, 0x00, 0x00, 0x00, 0x00, 0x0A,
  0xEE, 0xFF, 0xFF, 0x8B, 0x00, 0x00, 0x00, 0x00, 0x14, 0x7D, 0xC7, 0xEF, 0xFB, 0xEA, 0xC9, 0x81,
  0x18, 0x00, 0x00, 0x00, 0x00, 0x00, 0x3B, 0xEC, 0xFF, 0xFF, 0xFF, 0xFF, 0xFF, 0xFF, 0xFF, 0xF4,
  0x61, 0x00, 0x00, 0x00, 0x10, 0xEA, 0xFF, 0xFF, 0x8E, 0x1E, 0x08, 0x2C, 0x9B, 0xFF, 0xFF, 0xDA,
  0x0E, 0x00, 0x00, 0x64, 0xFF, 0xFF, 0xCD, 0x00, 0x00, 0x00, 0x00, 0x00, 0x73, 0xC5, 0x14, 0x00,
  0x00, 0x00, 0x89, 0xFF, 0xFF, 0xA5, 0x00, 0x00, 0x00, 0x00, 0x00, 0x00, 0x05, 0x00, 0x00, 0x00,
  0x00, 0x79, 0xFF, 0xFF, 0xCD, 0x00, 0x00, 0x00, 0x00, 0x00, 0x00, 0x00, 0x00, 0x00, 0x00, 0x00,
  0x2D, 0xFE, 0xFF, 0xFF, 0x90, 0x19, 0x00, 0x00, 0x00, 0x00, 0x00, 0x00, 0x00, 0x00, 0x00, 0x00,
  0x7E, 0xFF, 0xFF, 0xFF, 0xFE, 0xDB, 0xAE, 0x75, 0x26, 0x00, 0x00, 0x00, 0x00, 0x00, 0x00, 0x00,
  0x4A, 0xC1, 0xFD, 0xFF, 0xFF, 0xFF, 0xFF, 0xFE, 0xA8, 0x11, 0x00, 0x00, 0x00, 0x00, 0x00, 0x00,
  0x00, 0x10, 0x42, 0x72, 0xB3, 0xFB, 0xFF, 0xFF, 0xC1, 0x00, 0x00, 0x00, 0x00, 0x00, 0x00, 0x00,
  0x00, 0x00, 0x00, 0x00, 0x41, 0xFE, 0xFF, 0xFF, 0x3E, 0x00, 0x00, 0x00, 0x00, 0x00, 0x00, 0x00,
  0x00, 0x00, 0x00, 0x00, 0xC7, 0xFF, 0xFF, 0x6E, 0x00, 0x00, 0x00, 0x1C, 0x25, 0x00, 0x00, 0x00,
  0x00, 0x00, 0x00, 0xBF, 0xFF, 0xFF, 0x69, 0x00, 0x00, 0x2A, 0xE3, 0xDB, 0x1C, 0x00, 0x00, 0x00,
  0x00, 0x11, 0xF0, 0xFF, 0xFF, 0x35, 0x00, 0x00, 0xC5, 0xFF, 0xFF, 0xEA, 0x6D, 0x1D, 0x09, 0x32,
  0xC0, 0xFF, 0xFF, 0xBD, 0x00, 0x00, 0x00, 0x11, 0xAD, 0xFF, 0xFF, 0xFF, 0xFF, 0xFF, 0xFF, 0xFF,
  0xFF, 0xC8, 0x13, 0x00, 0x00, 0x00, 0x00, 0x00, 0x3D, 0x9A, 0xD8, 0xF1, 0xFA, 0xE7, 0xB6, 0x5E,
  0x03, 0x00, 0x00, 0x00, 0x60, 0xFF, 0xFF, 0xFF, 0xFF, 0xFF, 0xFF, 0xFF, 0xFF, 0xFF, 0xFF, 0xFF,
  0xFF, 0x4C, 0x60, 0xFF, 0xFF, 0xFF, 0xFF, 0xFF, 0xFF, 0xFF, 0xFF, 0xFF, 0xFF, 0xFF, 0xFF, 0x4C,
  0x00, 0x00, 0x00, 0x00, 0x00, 0xA0, 0xFF, 0xFF, 0x8C, 0x00, 0x00, 0x00, 0x00, 0x00, 0x00, 0x00,
  0x00, 0x00, 0x00, 0xA0, 0xFF, 0xFF, 0x8C, 0x00, 0x00, 0x00, 0x00, 0x00, 0x00, 0x00, 0x00, 0x00,
  0x00, 0xA0, 0xFF, 0xFF, 0x8C, 0x00, 0x00, 0x00, 0x00, 0x00, 0x00, 0x00, 0x00, 0x00, 0x00, 0xA0,
  0xFF, 0xFF, 0x8C, 0x00, 0x00, 0x00, 0x00, 0x00, 0x00, 0x00, 0x00, 0x00, 0x00, 0xA0, 0xFF, 0xFF,
  0x8C, 0x00, 0x00, 0x00, 0x00, 0x00, 0x00, 0x00, 0x00, 0x00, 0x00, 0xA0, 0xFF, 0xFF, 0x8C, 0x00,
  0x00, 0x00, 0x00, 0x00, 0x00, 0x00, 0x00, 0x00, 0x00, 0xA0, 0xFF, 0xFF, 0x8C, 0x00, 0x00, 0x00,
  0x00, 0x00, 0x00, 0x00, 0x00, 0x00, 0x00, 0xA0, 0xFF, 0xFF, 0x8C, 0x00, 0x00, 0x00, 0x00, 0x00,
  0x00, 0x00, 0x00, 0x00, 0x00, 0xA0, 0xFF, 0xFF, 0x8C, 0x00, 0x00, 0x00, 0x00, 0x00, 0x00, 0x00,
  0x00, 0x00, 0x00, 0xA0, 0xFF, 0xFF, 0x8C, 0x00, 0x00, 0x00, 0x00, 0x00, 0x00, 0x00, 0x00, 0x00,
  0x00, 0xA0, 0xFF, 0xFF, 0x8C, 0x00, 0x00, 0x00, 0x00, 0x00, 0x00, 0x00, 0x00, 0x00, 0x00, 0xA0,
  0xFF, 0xFF, 0x8C, 0x00, 0x00, 0x00, 0x00, 0x00, 0x00, 0x00, 0x00, 0x00, 0x00, 0xA0, 0xFF, 0xFF,
  0x8C, 0x00, 0x00, 0x00, 0x00, 0x00, 0x00, 0x00, 0x00, 0x00, 0x00, 0xA0, 0xFF, 0xFF, 0x8C, 0x00,
  0x00, 0x00, 0x00, 0x00, 0x00, 0x00, 0x00, 0x00, 0x00, 0xA0, 0xFF, 0xFF, 0x8C, 0x00, 0x00, 0x00,
  0x00, 0x00, 0x00, 0x28, 0xFF, 0xFF, 0xF8, 0x00, 0x00, 0x00, 0x00, 0x00, 0x00, 0x68, 0xFF, 0xFF,
  0xB8, 0x00, 0x00, 0x00, 0x28, 0xFF, 0xFF, 0xF8, 0x00, 0x00, 0x00, 0x00, 0x00, 0x00, 0x68, 0xFF,
  0xFF, 0xB8, 0x00, 0x00, 0x00, 0x28, 0xFF, 0xFF, 0xF8, 0x00, 0x00, 0x00, 0x00, 0x00, 0x00, 0x68,
  0xFF, 0xFF, 0xB8, 0x00, 0x00, 0x00, 0x28, 0xFF, 0xFF, 0xF8, 0x00, 0x00, 0x00, 0x00, 0x00, 0x00,
  0x68, 0xFF, 0xFF, 0xB8, 0x00, 0x00, 0x00, 0x28, 0xFF, 0xFF, 0xF8, 0x00, 0x00, 0x00, 0x00, 0x00,
  0x00, 0x68, 0xFF, 0xFF, 0xB8, 0x00, 0x00, 0x00, 0x28, 0xFF, 0xFF, 0xF8, 0x00, 0x00, 0x00, 0x00,
  0x00, 0x00, 0x68, 0xFF, 0xFF, 0xB8, 0x00, 0x00, 0x00, 0x28, 0xFF, 0xFF, 0xF8, 0x00, 0x00, 0x00,
  0x00, 0x00, 0x00, 0x68, 0xFF, 0xFF, 0xB8, 0x00, 0x00, 0x00, 0x28, 0xFF, 0xFF, 0xF8, 0x00, 0x00,
  0x00, 0x00, 0x00, 0x00, 0x68, 0xFF, 0xFF, 0xB8, 0x00, 0x00, 0x00, 0x28, 0xFF, 0xFF, 0xF8, 0x00,
  0x00, 0x00, 0x00, 0x00, 0x00, 0x68, 0xFF, 0xFF, 0xB8, 0x00, 0x00, 0x00, 0x27, 0xFF, 0xFF, 0xF8,
  0x00, 0x00, 0x00, 0x00, 0x00, 0x00, 0x68, 0xFF, 0xFF, 0xB7, 0x00, 0x00, 0x00, 0x21, 0xFF, 0xFF,
  0xF8, 0x00, 0x00, 0x00, 0x00, 0x00, 0x00, 0x68, 0xFF, 0xFF, 0xAF, 0x00, 0x00, 0x00, 0x11, 0xFF,
  0xFF, 0xFE, 0x01, 0x00, 0x00, 0x00, 0x00, 0x00, 0x71, 0xFF, 0xFF, 0x9E, 0x00, 0x00, 0x00, 0x00,
  0xEB, 0xFF, 0xFF, 0x22, 0x00, 0x00, 0x00, 0x00, 0x00, 0x94, 0xFF, 0xFF, 0x75, 0x00, 0x00, 0x00,
  0x00, 0xA9, 0xFF, 0xFF, 0x79, 0x00, 0x00, 0x00, 0x00, 0x08, 0xE4, 0xFF, 0xFF, 0x31, 0x00, 0x00,
  0x00, 0x00, 0x3A, 0xFE, 0xFF, 0xF7, 0x68, 0x13, 0x05, 0x2C, 0xB5, 0xFF, 0xFF, 0xC0, 0x00, 0x00,
  0x00, 0x00, 0x00, 0x00, 0x73, 0xFE, 0xFF, 0xFF, 0xFF, 0xFF, 0xFF, 0xFF, 0xFF, 0xDA, 0x1F, 0x00,
  0x00, 0x00, 0x00, 0x00, 0x00, 0x00, 0x34, 0x9F, 0xDA, 0xF4, 0xFB, 0xEB, 0xC1, 0x73, 0x0C, 0x00,
  0x00, 0x00, 0x00, 0x73, 0xFF, 0xFF, 0xC7, 0x00, 0x00, 0x00, 0x00, 0x00, 0x00, 0x00, 0x60, 0xFF,
  0xFF, 0xC2, 0x21, 0xFF, 0xFF, 0xFE, 0x18, 0x00, 0x00, 0x00, 0x00, 0x00, 0x00, 0xAF, 0xFF, 0xFF,
  0x70, 0x00, 0xCE, 0xFF, 0xFF, 0x65, 0x00, 0x00, 0x00, 0x00, 0x00, 0x08, 0xF5, 0xFF, 0xFF, 0x1E,
  0x00, 0x7C, 0xFF, 0xFF, 0xB4, 0x00, 0x00, 0x00, 0x00, 0x00, 0x4D, 0xFF, 0xFF, 0xCB, 0x00, 0x00,
  0x2A, 0xFF, 0xFF, 0xF7, 0x0B, 0x00, 0x00, 0x00, 0x00, 0x9C, 0xFF, 0xFF, 0x79, 0x00, 0x00, 0x00,
  0xD7, 0xFF, 0xFF, 0x52, 0x00, 0x00, 0x00, 0x02, 0xE8, 0xFF, 0xFF, 0x27, 0x00, 0x00, 0x00, 0x85,
  0xFF, 0xFF, 0xA1, 0x00, 0x00, 0x00, 0x3A, 0xFF, 0xFF, 0xD4, 0x00, 0x00, 0x00, 0x00, 0x33, 0xFF,
  0xFF, 0xEC, 0x03, 0x00, 0x00, 0x89, 0xFF, 0xFF, 0x82, 0x00, 0x00, 0x00, 0x00, 0x00, 0xDF, 0xFF,
  0xFF, 0x3C, 0x00, 0x00, 0xD5, 0xFF, 0xFF, 0x2F, 0x00, 0x00, 0x00, 0x00, 0x00, 0x8E, 0xFF, 0xFF,
  0x81, 0x00, 0x18, 0xFF, 0xFF, 0xDD, 0x00, 0x00, 0x00, 0x00, 0x00, 0x00, 0x3C, 0xFF, 0xFF, 0xC5,
  0x00, 0x5A, 0xFF, 0xFF, 0x8B, 0x00, 0x00, 0x00, 0x00, 0x00, 0x00, 0x02, 0xE7, 0xFF, 0xFB, 0x0D,
  0x9D, 0xFF, 0xFF, 0x38, 0x00, 0x00, 0x00, 0x00, 0x00, 0x00, 0x00, 0x97, 0xFF, 0xFF, 0x4C, 0xDF,
  0xFF, 0xE5, 0x01, 0x00, 0x00, 0x00, 0x00, 0x00, 0x00, 0x00, 0x45, 0xFF, 0xFF, 0xB1, 0xFF, 0xFF,
  0x94, 0x00, 0x00, 0x00, 0x00, 0x00, 0x00, 0x00, 0x00, 0x04, 0xED, 0xFF, 0xFF, 0xFF, 0xFF, 0x41,
  0x00, 0x00, 0x00, 0x00, 0x00, 0x00, 0x00, 0x00, 0x00, 0xA0, 0xFF, 0xFF, 0xFF, 0xEB, 0x03, 0x00,
  0x00, 0x00, 0x00, 0x00, 0x00, 0x00, 0x00, 0x00, 0x4D, 0xFF, 0xFF, 0xFF, 0x9D, 0x00, 0x00, 0x00,
  0x00, 0x00, 0x43, 0xFF, 0xFF, 0xE5, 0x00, 0x00, 0x00, 0x00, 0x00, 0x73, 0xFF, 0xFF, 0xFF, 0x49,
  0x00, 0x00, 0x00, 0x00, 0x06, 0xF8, 0xFF, 0xF9, 0x08, 0x0C, 0xFC, 0xFF, 0xFF, 0x19, 0x00, 0x00,
  0x00, 0x00, 0xAF, 0xFF, 0xFF, 0xFF, 0x86, 0x00, 0x00, 0x00, 0x00, 0x34, 0xFF, 0xFF, 0xC5, 0x00,
  0x00, 0xCE, 0xFF, 0xFF, 0x4D, 0x00, 0x00, 0x00, 0x00, 0xE9, 0xFF, 0xFF, 0xFF, 0xC2, 0x00, 0x00,
  0x00, 0x00, 0x69, 0xFF, 0xFF, 0x89, 0x00, 0x00, 0x93, 0xFF, 0xFF, 0x81, 0x00, 0x00, 0x00, 0x27,
  0xFF, 0xFF, 0xE9, 0xFF, 0xF7, 0x06, 0x00, 0x00, 0x00, 0x9F, 0xFF, 0xFF, 0x4D, 0x00, 0x00, 0x59,
  0xFF, 0xFF, 0xB4, 0x00, 0x00, 0x00, 0x63, 0xFF, 0xFF, 0x7B, 0xFF, 0xFF, 0x3A, 0x00, 0x00, 0x00,
  0xD4, 0xFF, 0xFE, 0x12, 0x00, 0x00, 0x1E, 0xFF, 0xFF, 0xE8, 0x00, 0x00, 0x00, 0x9F, 0xFF, 0xD8,
  0x2A, 0xFF, 0xFF, 0x76, 0x00, 0x00, 0x0B, 0xFD, 0xFF, 0xD4, 0x00, 0x00, 0x00, 0x00, 0xE3, 0xFF,
  0xFF, 0x1C, 0x00, 0x00, 0xDB, 0xFF, 0x9A, 0x01, 0xED, 0xFF, 0xB2, 0x00, 0x00, 0x3E, 0xFF, 0xFF,
  0x98, 0x00, 0x00, 0x00, 0x00, 0xA9, 0xFF, 0xFF, 0x50, 0x00, 0x17, 0xFF, 0xFF, 0x5D, 0x00, 0xB4,
  0xFF, 0xED, 0x01, 0x00, 0x74, 0xFF, 0xFF, 0x5C, 0x00, 0x00, 0x00, 0x00, 0x6E, 0xFF, 0xFF, 0x83,
  0x00, 0x52, 0xFF, 0xFF, 0x20, 0x00, 0x79, 0xFF, 0xFF, 0x29, 0x00, 0xA8, 0xFF, 0xFF, 0x1F, 0x00,
  0x00, 0x00, 0x00, 0x34, 0xFF, 0xFF, 0xB5, 0x00, 0x8D, 0xFF, 0xE3, 0x00, 0x00, 0x3C, 0xFF, 0xFF,
  0x62, 0x00, 0xDD, 0xFF, 0xE3, 0x00, 0x00, 0x00, 0x00, 0x00, 0x04, 0xF4, 0xFF, 0xE8, 0x00, 0xC8,
  0xFF, 0xA6, 0x00, 0x00, 0x07, 0xF8, 0xFF, 0x9C, 0x11, 0xFF, 0xFF, 0xA7, 0x00, 0x00, 0x00, 0x00,
  0x00, 0x00, 0xBE, 0xFF, 0xFF, 0x23, 0xFA, 0xFF, 0x69, 0x00, 0x00, 0x00, 0xC2, 0xFF, 0xD5, 0x45,
  0xFF, 0xFF, 0x6B, 0x00, 0x00, 0x00, 0x00, 0x00, 0x00, 0x84, 0xFF, 0xFF, 0x8B, 0xFF, 0xFF, 0x2D,
  0x00, 0x00, 0x00, 0x86, 0xFF, 0xFE, 0x89, 0xFF, 0xFF, 0x2E, 0x00, 0x00, 0x00, 0x00, 0x00, 0x00,
  0x49, 0xFF, 0xFF, 0xEF, 0xFF, 0xEE, 0x01, 0x00, 0x00, 0x00, 0x49, 0xFF, 0xFF, 0xED, 0xFF, 0xF0,
  0x02, 0x00, 0x00, 0x00, 0x00, 0x00, 0x00, 0x10, 0xFE, 0xFF, 0xFF, 0xFF, 0xB3, 0x00, 0x00, 0x00,
  0x00, 0x0F, 0xFD, 0xFF, 0xFF, 0xFF, 0xB6, 0x00, 0x00, 0x00, 0x00, 0x00, 0x00, 0x00, 0x00, 0xD4,
  0xFF, 0xFF, 0xFF, 0x76, 0x00, 0x00, 0x00, 0x00, 0x00, 0xCF, 0xFF, 0xFF, 0xFF, 0x7A, 0x00, 0x00,
  0x00, 0x00, 0x00, 0x00, 0x00, 0x00, 0x99, 0xFF, 0xFF, 0xFF, 0x3A, 0x00, 0x00, 0x00, 0x00, 0x00,
  0x92, 0xFF, 0xFF, 0xFF, 0x3E, 0x00, 0x00, 0x00, 0x00, 0x16, 0xEE, 0xFF, 0xFF, 0xAA, 0x00, 0x00,
  0x00, 0x00, 0x00, 0x00, 0xB4, 0xFF, 0xFF, 0xBA, 0x00, 0x00, 0x64, 0xFF, 0xFF, 0xFF, 0x41, 0x00,
  0x00, 0x00, 0x00, 0x4D, 0xFF, 0xFF, 0xF6, 0x22, 0x00, 0x00, 0x01, 0xC2, 0xFF, 0xFF, 0xD3, 0x03,
  0x00, 0x00, 0x08, 0xDD, 0xFF, 0xFF, 0x77, 0x00, 0x00, 0x00, 0x00, 0x29, 0xF9, 0xFF, 0xFF, 0x6D,
  0x00, 0x00, 0x7F, 0xFF, 0xFF, 0xD1, 0x04, 0x00, 0x00, 0x00, 0x00, 0x00, 0x83, 0xFF, 0xFF, 0xEE,
  0x14, 0x20, 0xF6, 0xFF, 0xFD, 0x36, 0x00, 0x00, 0x00, 0x00, 0x00, 0x00, 0x08, 0xDA, 0xFF, 0xFF,
  0x99, 0xB1, 0xFF, 0xFF, 0x91, 0x00, 0x00, 0x00, 0x00, 0x00, 0x00, 0x00, 0x00, 0x42, 0xFF, 0xFF,
  0xFE, 0xFF, 0xFF, 0xE3, 0x0D, 0x00, 0x00, 0x00, 0x00, 0x00, 0x00, 0x00, 0x00, 0x00, 0xA2, 0xFF,
  0xFF, 0xFF, 0xFF, 0x4E, 0x00, 0x00, 0x00, 0x00, 0x00, 0x00, 0x00, 0x00, 0x00, 0x00, 0x53, 0xFF,
  0xFF, 0xFF, 0xF1, 0x0E, 0x00, 0x00, 0x00, 0x00, 0x00, 0x00, 0x00, 0x00, 0x00, 0x09, 0xDD, 0xFF,
  0xFF, 0xFF, 0xFF, 0x93, 0x00, 0x00, 0x00, 0x00, 0x00, 0x00, 0x00, 0x00, 0x00, 0x85, 0xFF, 0xFF,
  0xCD, 0xFF, 0xFF, 0xFD, 0x36, 0x00, 0x00, 0x00, 0x00, 0x00, 0x00, 0x00, 0x2A, 0xFA, 0xFF, 0xF6,
  0x1F, 0xA5, 0xFF, 0xFF, 0xD0, 0x04, 0x00, 0x00, 0x00, 0x00, 0x00, 0x01, 0xC2, 0xFF, 0xFF, 0x81,
  0x00, 0x1A, 0xF3, 0xFF, 0xFF, 0x75, 0x00, 0x00, 0x00, 0x00, 0x00, 0x63, 0xFF, 0xFF, 0xE2, 0x0A,
  0x00, 0x00, 0x77, 0xFF, 0xFF, 0xF5, 0x20, 0x00, 0x00, 0x00, 0x14, 0xED, 0xFF, 0xFF, 0x57, 0x00,
  0x00, 0x00, 0x06, 0xDA, 0xFF, 0xFF, 0xB6, 0x00, 0x00, 0x00, 0xA1, 0xFF, 0xFF, 0xC2, 0x00, 0x00,
  0x00, 0x00, 0x00, 0x4A, 0xFF, 0xFF, 0xFF, 0x56, 0x00, 0x40, 0xFF, 0xFF, 0xFD, 0x30, 0x00, 0x00,
  0x00, 0x00, 0x00, 0x00, 0xB3, 0xFF, 0xFF, 0xE7, 0x10, 0x7C, 0xFF, 0xFF, 0xF6, 0x1B, 0x00, 0x00,
  0x00, 0x00, 0x00, 0x01, 0xCB, 0xFF, 0xFF, 0xA2, 0x08, 0xE1, 0xFF, 0xFF, 0x9F, 0x00, 0x00, 0x00,
  0x00, 0x00, 0x57, 0xFF, 0xFF, 0xF5, 0x1B, 0x00, 0x59, 0xFF, 0xFF, 0xFD, 0x2E, 0x00, 0x00, 0x00,
  0x05, 0xDB, 0xFF, 0xFF, 0x7E, 0x00, 0x00, 0x00, 0xC6, 0xFF, 0xFF, 0xB9, 0x00, 0x00, 0x00, 0x6A,
  0xFF, 0xFF, 0xE2, 0x09, 0x00, 0x00, 0x00, 0x37, 0xFE, 0xFF, 0xFF, 0x46, 0x00, 0x0B, 0xE8, 0xFF,
  0xFF, 0x5A, 0x00, 0x00, 0x00, 0x00, 0x00, 0xA4, 0xFF, 0xFF, 0xD1, 0x02, 0x7E, 0xFF, 0xFF, 0xC7,
  0x01, 0x00, 0x00, 0x00, 0x00, 0x00, 0x1C, 0xF5, 0xFF, 0xFF, 0x75, 0xF2, 0xFF, 0xFE, 0x37, 0x00,
  0x00, 0x00, 0x00, 0x00, 0x00, 0x00, 0x81, 0xFF, 0xFF, 0xFF, 0xFF, 0xFF, 0xA4, 0x00, 0x00, 0x00,
  0x00, 0x00, 0x00, 0x00, 0x00, 0x0B, 0xE5, 0xFF, 0xFF, 0xFF, 0xF5, 0x1C, 0x00, 0x00, 0x00, 0x00,
  0x00, 0x00, 0x00, 0x00, 0x00, 0x5F, 0xFF, 0xFF, 0xFF, 0x80, 0x00, 0x00, 0x00, 0x00, 0x00, 0x00,
  0x00, 0x00, 0x00, 0x00, 0x08, 0xFF, 0xFF, 0xFF, 0x2C, 0x00, 0x00, 0x00, 0x00, 0x00, 0x00, 0x00,
  0x00, 0x00, 0x00, 0x08, 0xFF, 0xFF, 0xFF, 0x2C, 0x00, 0x00, 0x00, 0x00, 0x00, 0x00, 0x00, 0x00,
  0x00, 0x00, 0x08, 0xFF, 0xFF, 0xFF, 0x2C, 0x00, 0x00, 0x00, 0x00, 0x00, 0x00, 0x00, 0x00, 0x00,
  0x00, 0x08, 0xFF, 0xFF, 0xFF, 0x2C, 0x00, 0x00, 0x00, 0x00, 0x00, 0x00, 0x00, 0x00, 0x00, 0x00,
  0x08, 0xFF, 0xFF, 0xFF, 0x2C, 0x00, 0x00, 0x00, 0x00, 0x00, 0x00, 0x00, 0x00, 0x00, 0x00, 0x08,
  0xFF, 0xFF, 0xFF, 0x2C, 0x00, 0x00, 0x00, 0x00, 0x00, 0x00, 0x00, 0x00, 0x00, 0x00, 0x08, 0xFF,
  0xFF, 0xFF, 0x2C, 0x00, 0x00, 0x00, 0x00, 0x00, 0x00, 0xA8, 0xFF, 0xFF, 0xFF, 0xFF, 0xFF, 0xFF,
  0xFF, 0xFF, 0xFF, 0xFF, 0xFF, 0x38, 0x00, 0xA8, 0xFF, 0xFF, 0xFF, 0xFF, 0xFF, 0xFF, 0xFF, 0xFF,
  0xFF, 0xFF, 0xFF, 0x38, 0x00, 0x00, 0x00, 0x00, 0x00, 0x00, 0x00, 0x00, 0x01, 0xC0, 0xFF, 0xFF,
  0xDC, 0x0A, 0x00, 0x00, 0x00, 0x00, 0x00, 0x00, 0x00, 0x00, 0x6D, 0xFF, 0xFF, 0xFE, 0x3D, 0x00,
  0x00, 0x00, 0x00, 0x00, 0x00, 0x00, 0x00, 0x23, 0xF4, 0xFF, 0xFF, 0x90, 0x00, 0x00, 0x00, 0x00,
  0x00, 0x00, 0x00, 0x00, 0x01, 0xC1, 0xFF, 0xFF, 0xDA, 0x09, 0x00, 0x00, 0x00, 0x00, 0x00, 0x00,
  0x00, 0x00, 0x6E, 0xFF, 0xFF, 0xFD, 0x3C, 0x00, 0x00, 0x00, 0x00, 0x00, 0x00, 0x00, 0x00, 0x24,
  0xF5, 0xFF, 0xFF, 0x8D, 0x00, 0x00, 0x00, 0x00, 0x00, 0x00, 0x00, 0x00, 0x02, 0xC2, 0xFF, 0xFF,
  0xD9, 0x09, 0x00, 0x00, 0x00, 0x00, 0x00, 0x00, 0x00, 0x00, 0x70, 0xFF, 0xFF, 0xFD, 0x39, 0x00,
  0x00, 0x00, 0x00, 0x00, 0x00, 0x00, 0x00, 0x25, 0xF6, 0xFF, 0xFF, 0x8B, 0x00, 0x00, 0x00, 0x00,
  0x00, 0x00, 0x00, 0x00, 0x02, 0xC3, 0xFF, 0xFF, 0xD7, 0x08, 0x00, 0x00, 0x00, 0x00, 0x00, 0x00,
  0x00, 0x00, 0x71, 0xFF, 0xFF, 0xFC, 0x37, 0x00, 0x00, 0x00, 0x00, 0x00, 0x00, 0x00, 0x00, 0x26,
  0xF6, 0xFF, 0xFF, 0x88, 0x00, 0x00, 0x00, 0x00, 0x00, 0x00, 0x00, 0x00, 0x02, 0xC5, 0xFF, 0xFF,
  0xD6, 0x07, 0x00, 0x00, 0x00, 0x00, 0x00, 0x00, 0x00, 0x00, 0x18, 0xFF, 0xFF, 0xFF, 0xFF, 0xFF,
  0xFF, 0xFF, 0xFF, 0xFF, 0xFF, 0xFF, 0xFF, 0x78, 0x18, 0xFF, 0xFF, 0xFF, 0xFF, 0xFF, 0xFF, 0xFF,
  0xFF, 0xFF, 0xFF, 0xFF, 0xFF, 0x78, 0x00, 0x08, 0xFF, 0xFF, 0xFF, 0xFF, 0xA0, 0x00, 0x00, 0x08,
  0xFF, 0xFF, 0xFF, 0xFF, 0xA0, 0x00, 0x00, 0x08, 0xFF, 0xFF, 0xC8, 0x00, 0x00, 0x00, 0x00, 0x08,
  0xFF, 0xFF, 0xC8, 0x00, 0x00, 0x00, 0x00, 0x08, 0xFF, 0xFF, 0xC8, 0x00, 0x00, 0x00, 0x00, 0x08,
  0xFF, 0xFF, 0xC8, 0x00, 0x00, 0x00, 0x00, 0x08, 0xFF, 0xFF, 0xC8, 0x00, 0x00, 0x00, 0x00, 0x08,
  0xFF, 0xFF, 0xC8, 0x00, 0x00, 0x00, 0x00, 0x08, 0xFF, 0xFF, 0xC8, 0x00, 0x00, 0x00, 0x00, 0x08,
  0xFF, 0xFF, 0xC8, 0x00, 0x00, 0x00, 0x00, 0x08, 0xFF, 0xFF, 0xC8, 0x00, 0x00, 0x00, 0x00, 0x08,
  0xFF, 0xFF, 0xC8, 0x00, 0x00, 0x00, 0x00, 0x08, 0xFF, 0xFF, 0xC8, 0x00, 0x00, 0x00, 0x00, 0x08,
  0xFF, 0xFF, 0xC8, 0x00, 0x00, 0x00, 0x00, 0x08, 0xFF, 0xFF, 0xC8, 0x00, 0x00, 0x00, 0x00, 0x08,
  0xFF, 0xFF, 0xC8, 0x00, 0x00, 0x00, 0x00, 0x08, 0xFF, 0xFF, 0xC8, 0x00, 0x00, 0x00, 0x00, 0x08,
  0xFF, 0xFF, 0xC8, 0x00, 0x00, 0x00, 0x00, 0x08, 0xFF, 0xFF, 0xC8, 0x00, 0x00, 0x00, 0x00, 0x08,
  0xFF, 0xFF, 0xFF, 0xFF, 0xA0, 0x00, 0x00, 0x08, 0xFF, 0xFF, 0xFF, 0xFF, 0xA0, 0x00, 0x05, 0xEF,
  0xFF, 0x9B, 0x00, 0x00, 0x00, 0x00, 0x00, 0x00, 0x00, 0x00, 0xA4, 0xFF, 0xE9, 0x02, 0x00, 0x00,
  0x00, 0x00, 0x00, 0x00, 0x00, 0x54, 0xFF, 0xFF, 0x3C, 0x00, 0x00, 0x00, 0x00, 0x00, 0x00, 0x00,
  0x0B, 0xF7, 0xFF, 0x8C, 0x00, 0x00, 0x00, 0x00, 0x00, 0x00, 0x00, 0x00, 0xB4, 0xFF, 0xDC, 0x00,
  0x00, 0x00, 0x00, 0x00, 0x00, 0x00, 0x00, 0x63, 0xFF, 0xFF, 0x2C, 0x00, 0x00, 0x00, 0x00, 0x00,
  0x00, 0x00, 0x15, 0xFD, 0xFF, 0x7D, 0x00, 0x00, 0x00, 0x00, 0x00, 0x00, 0x00, 0x00, 0xC3, 0xFF,
  0xCD, 0x00, 0x00, 0x00, 0x00, 0x00, 0x00, 0x00, 0x00, 0x73, 0xFF, 0xFF, 0x1D, 0x00, 0x00, 0x00,
  0x00, 0x00, 0x00, 0x00, 0x22, 0xFF, 0xFF, 0x6D, 0x00, 0x00, 0x00, 0x00, 0x00, 0x00, 0x00, 0x00,
  0xD3, 0xFF, 0xBD, 0x00, 0x00, 0x00, 0x00, 0x00, 0x00, 0x00, 0x00, 0x82, 0xFF, 0xFB, 0x12, 0x00,
  0x00, 0x00, 0x00, 0x00, 0x00, 0x00, 0x32, 0xFF, 0xFF, 0x5E, 0x00, 0x00, 0x00, 0x00, 0x00, 0x00,
  0x00, 0x00, 0xE1, 0xFF, 0xAE, 0x00, 0x00, 0x00, 0x00, 0x00, 0x00, 0x00, 0x00, 0x92, 0xFF, 0xF5,
  0x09, 0x00, 0x00, 0x00, 0x00, 0x00, 0x00, 0x00, 0x42, 0xFF, 0xFF, 0x4E, 0x00, 0x00, 0x00, 0x00,
  0x00, 0x00, 0x00, 0x04, 0xED, 0xFF, 0x9E, 0x00, 0x00, 0x00, 0x00, 0x00, 0x00, 0x00, 0x00, 0xA1,
  0xFF, 0xEB, 0x03, 0x00, 0x00, 0x00, 0x00, 0x00, 0x00, 0x00, 0x51, 0xFF, 0xFF, 0x3F, 0x00, 0x00,
  0x00, 0x00, 0x00, 0x00, 0x00, 0x0A, 0xF6, 0xFF, 0x8F, 0x00, 0x00, 0x00, 0x00, 0x00, 0x00, 0x00,
  0x00, 0xB1, 0xFF, 0xDE, 0x00, 0x00, 0x00, 0x00, 0x00, 0x00, 0x00, 0x00, 0x60, 0xFF, 0xFF, 0x2F,
  0x00, 0xBC, 0xFF, 0xFF, 0xFF, 0xEC, 0x00, 0x00, 0x00, 0xBC, 0xFF, 0xFF, 0xFF, 0xEC, 0x00, 0x00,
  0x00, 0x00, 0x00, 0xE0, 0xFF, 0xEC, 0x00, 0x00, 0x00, 0x00, 0x00, 0xE0, 0xFF, 0xEC, 0x00, 0x00,
  0x00, 0x00, 0x00, 0xE0, 0xFF, 0xEC, 0x00, 0x00, 0x00, 0x00, 0x00, 0xE0, 0xFF, 0xEC, 0x00, 0x00,
  0x00, 0x00, 0x00, 0xE0, 0xFF, 0xEC, 0x00, 0x00, 0x00, 0x00, 0x00, 0xE0, 0xFF, 0xEC, 0x00, 0x00,
  0x00, 0x00, 0x00, 0xE0, 0xFF, 0xEC, 0x00, 0x00, 0x00, 0x00, 0x00, 0xE0, 0xFF, 0xEC, 0x00, 0x00,
  0x00, 0x00, 0x00, 0xE0, 0xFF, 0xEC, 0x00, 0x00, 0x00, 0x00, 0x00, 0xE0, 0xFF, 0xEC, 0x00, 0x00,
  0x00, 0x00, 0x00, 0xE0, 0xFF, 0xEC, 0x00, 0x00, 0x00, 0x00, 0x00, 0xE0, 0xFF, 0xEC, 0x00, 0x00,
  0x00, 0x00, 0x00, 0xE0, 0xFF, 0xEC, 0x00, 0x00, 0x00, 0x00, 0x00, 0xE0, 0xFF, 0xEC, 0x00, 0x00,
  0x00, 0x00, 0x00, 0xE0, 0xFF, 0xEC, 0x00, 0x00, 0x00, 0x00, 0x00, 0xE0, 0xFF, 0xEC, 0x00, 0x00,
  0x00, 0x00, 0x00, 0xE0, 0xFF, 0xEC, 0x00, 0x00, 0x00, 0xBC, 0xFF, 0xFF, 0xFF, 0xEC, 0x00, 0x00,
  0x00, 0xBC, 0xFF, 0xFF, 0xFF, 0xEC, 0x00, 0x00, 0x00, 0x00, 0x00, 0x00, 0x00, 0x5F, 0xFF, 0xFF,
  0xCF, 0x01, 0x00, 0x00, 0x00, 0x00, 0x00, 0x00, 0x00, 0x00, 0x09, 0xE2, 0xFF, 0xFF, 0xFF, 0x5D,
  0x00, 0x00, 0x00, 0x00, 0x00, 0x00, 0x00, 0x00, 0x79, 0xFF, 0xFF, 0xFF, 0xFF, 0xE1, 0x07, 0x00,
  0x00, 0x00, 0x00, 0x00, 0x00, 0x14, 0xF1, 0xFF, 0xE4, 0xAD, 0xFF, 0xFF, 0x75, 0x00, 0x00, 0x00,
  0x00, 0x00, 0x00, 0x94, 0xFF, 0xFF, 0x61, 0x1E, 0xF8, 0xFF, 0xEF, 0x12, 0x00, 0x00, 0x00, 0x00,
  0x25, 0xFB, 0xFF, 0xD2, 0x02, 0x00, 0x8B, 0xFF, 0xFF, 0x8D, 0x00, 0x00, 0x00, 0x00, 0xAE, 0xFF,
  0xFF, 0x48, 0x00, 0x00, 0x11, 0xEE, 0xFF, 0xF8, 0x1F, 0x00, 0x00, 0x3B, 0xFF, 0xFF, 0xBC, 0x00,
  0x00, 0x00, 0x00, 0x74, 0xFF, 0xFF, 0xA4, 0x00, 0x00, 0xB8, 0xFF, 0xFE, 0x31, 0x00, 0x00, 0x00,
  0x00, 0x07, 0xE0, 0xFF, 0xFD, 0x23, 0x00, 0x10, 0x81, 0x94, 0x00, 0x00, 0x00, 0x00, 0x00, 0x00,
  0x59, 0xAA, 0x30, 0x00, 0x00, 0x00, 0x00, 0x00, 0x00, 0x00, 0x00, 0x00, 0x00, 0x00, 0x00, 0x00,
  0x00, 0x00, 0x00, 0x00, 0x00, 0x00, 0x00, 0x00, 0x00, 0x00, 0x00, 0x00, 0x00, 0x00, 0x00, 0x00,
  0x00, 0x00, 0x00, 0x00, 0x00, 0x00, 0x00, 0x00, 0x00, 0x00, 0x00, 0x00, 0x00, 0x00, 0x00, 0x00,
  0x00, 0x00, 0x00, 0x00, 0x00, 0x00, 0x00, 0x00, 0x00, 0x00, 0x00, 0x00, 0x00, 0x00, 0x00, 0x00,
  0x00, 0x00, 0x00, 0x00, 0x00, 0x00, 0x00, 0x00, 0x00, 0x00, 0x00, 0x00, 0x00, 0x00, 0x00, 0x00,
  0x00, 0x00, 0x00, 0x00, 0x00, 0x00, 0x00, 0x00, 0x00, 0x00, 0x00, 0x00, 0x00, 0x00, 0x00, 0x00,
  0x00, 0x00, 0x00, 0x00, 0x00, 0x00, 0x00, 0x00, 0x00, 0x00, 0x00, 0x00, 0x00, 0x00, 0x00, 0x00,
  0x00, 0x00, 0x00, 0x00, 0x00, 0x00, 0x00, 0x00, 0x00, 0x00, 0x00, 0x00, 0x00, 0x00, 0x00, 0x00,
  0x48, 0xFF, 0xFF, 0xFF, 0xFF, 0xFF, 0xFF, 0xFF, 0xFF, 0xFF, 0xFF, 0xFF, 0xB4, 0x48, 0xFF, 0xFF,
  0xFF, 0xFF, 0xFF, 0xFF, 0xFF, 0xFF, 0xFF, 0xFF, 0xFF, 0xB4, 0x00, 0x00, 0x00, 0x00, 0x00, 0x06,
  0x27, 0x00, 0x00, 0x00, 0x00, 0x00, 0x00, 0x00, 0x00, 0x00, 0x00, 0x04, 0x6B, 0xE2, 0xDF, 0x05,
  0x00, 0x00, 0x00, 0x00, 0x00, 0x00, 0x00, 0x00, 0x00, 0x00, 0xB0, 0xFF, 0xFF, 0x68, 0x00, 0x00,
  0x00, 0x00, 0x00, 0x00, 0x00, 0x00, 0x00, 0x00, 0x12, 0xE2, 0xFF, 0xE2, 0x07, 0x00, 0x00, 0x00,
  0x00, 0x00, 0x00, 0x00, 0x00, 0x00, 0x00, 0x3B, 0xFB, 0xFF, 0x6C, 0x00, 0x00, 0x00, 0x00, 0x00,
  0x00, 0x00, 0x00, 0x00, 0x00, 0x00, 0x79, 0xB5, 0x35, 0x00, 0x00, 0x00, 0x00, 0x00, 0x00, 0x00,
  0x00, 0x00, 0x00, 0x00, 0x00, 0x00, 0x00, 0x00, 0x00, 0x00, 0x00, 0x00, 0x00, 0x00, 0x00, 0x00,
  0x00, 0x00, 0x00, 0x00, 0x00, 0x00, 0x00, 0x00, 0x00, 0x00, 0x00, 0x00, 0x00, 0x00, 0x00, 0x00,
  0x00, 0x00, 0x00, 0x00, 0x00, 0x00, 0x00, 0x00, 0x00, 0x00, 0x00, 0x00, 0x00, 0x00, 0x00, 0x00,
  0x00, 0x00, 0x00, 0x00, 0x00, 0x00, 0x00, 0x00, 0x00, 0x00, 0x00, 0x00, 0x00, 0x00, 0x00, 0x00,
  0x00, 0x00, 0x00, 0x00, 0x00, 0x00, 0x00, 0x00, 0x00, 0x00, 0x00, 0x00, 0x00, 0x00, 0x00, 0x00,
  0x00, 0x00, 0x00, 0x00, 0x00, 0x00, 0x00, 0x00, 0x00, 0x00, 0x00, 0x00, 0x00, 0x00, 0x00, 0x00,
  0x00, 0x00, 0x00, 0x00, 0x00, 0x00, 0x00, 0x00, 0x00, 0x00, 0x00, 0x00, 0x00, 0x00, 0x00, 0x00,
  0x00, 0x00, 0x00, 0x00, 0x00, 0x00, 0x00, 0x00, 0x00, 0x00, 0x00, 0x00, 0x00, 0x00, 0x00, 0x00,
  0x00, 0x00, 0x00, 0x00, 0x00, 0x00, 0x00, 0x00, 0x00, 0x00, 0x00, 0x00, 0x00, 0x00, 0x00, 0x00,
  0x00, 0x00, 0x00, 0x00, 0x00, 0x00, 0x00, 0x00, 0x00, 0x00, 0x00, 0x00, 0x00, 0x00, 0x00, 0x00,
  0x00, 0x00, 0x00, 0x00, 0x00, 0x00, 0x00, 0x00, 0x00, 0x00, 0x00, 0x00, 0x00, 0x00, 0x00, 0x00,
  0x00, 0x00, 0x00, 0x00, 0x00, 0x00, 0x00, 0x00, 0x00, 0x00, 0x00, 0x00, 0x00, 0x00, 0x00, 0x00,
  0x00, 0x00, 0x00, 0x00, 0x0F, 0x80, 0xCF, 0xEF, 0xFA, 0xE7, 0xB2, 0x48, 0x00, 0x00, 0x00, 0x00,
  0x26, 0xE4, 0xFF, 0xFF, 0xFF, 0xFF, 0xFF, 0xFF, 0xFF, 0x79, 0x00, 0x00, 0x00, 0x35, 0xE4, 0xF6,
  0x63, 0x10, 0x0F, 0x65, 0xFE, 0xFF, 0xFB, 0x1E, 0x00, 0x00, 0x00, 0x16, 0x38, 0x00, 0x00, 0x00,
  0x00, 0xBC, 0xFF, 0xFF, 0x5F, 0x00, 0x00, 0x00, 0x00, 0x00, 0x00, 0x00, 0x00, 0x00, 0xA0, 0xFF,
  0xFF, 0x72, 0x00, 0x00, 0x00, 0x37, 0xA2, 0xDC, 0xF6, 0xFF, 0xFF, 0xFF, 0xFF, 0xFF, 0x74, 0x00,
  0x00, 0x60, 0xFD, 0xFF, 0xFF, 0xFF, 0xFF, 0xFF, 0xFF, 0xFF, 0xFF, 0x74, 0x00, 0x02, 0xEC, 0xFF,
  0xFF, 0x80, 0x17, 0x01, 0x00, 0xA0, 0xFF, 0xFF, 0x74, 0x00, 0x16, 0xFF, 0xFF, 0xFF, 0x09, 0x00,
  0x00, 0x00, 0xAA, 0xFF, 0xFF, 0x74, 0x00, 0x05, 0xF5, 0xFF, 0xFF, 0x6C, 0x0A, 0x10, 0x5D, 0xE9,
  0xFF, 0xFF, 0x74, 0x00, 0x00, 0x87, 0xFF, 0xFF, 0xFF, 0xFF, 0xFF, 0xF9, 0x4E, 0xFD, 0xFF, 0xFF,
  0xB4, 0x00, 0x02, 0x63, 0xCE, 0xF2, 0xEF, 0xBB, 0x3C, 0x00, 0x6C, 0xEB, 0xFF, 0xB4, 0x00, 0x38,
  0xFF, 0xFF, 0xD8, 0x00, 0x00, 0x00, 0x00, 0x00, 0x00, 0x00, 0x00, 0x00, 0x00, 0x38, 0xFF, 0xFF,
  0xD8, 0x00, 0x00, 0x00, 0x00, 0x00, 0x00, 0x00, 0x00, 0x00, 0x00, 0x38, 0xFF, 0xFF, 0xD8, 0x00,
  0x00, 0x00, 0x00, 0x00, 0x00, 0x00, 0x00, 0x00, 0x00, 0x38, 0xFF, 0xFF, 0xD8, 0x00, 0x00, 0x00,
  0x00, 0x00, 0x00, 0x00, 0x00, 0x00, 0x00, 0x38, 0xFF, 0xFF, 0xD8, 0x00, 0x00, 0x00, 0x00, 0x00,
  0x00, 0x00, 0x00, 0x00, 0x00, 0x38, 0xFF, 0xFF, 0xD8, 0x00, 0x00, 0x00, 0x00, 0x00, 0x00, 0x00,
  0x00, 0x00, 0x00, 0x38, 0xFF, 0xFF, 0xD8, 0x13, 0x97, 0xE4, 0xF9, 0xE1, 0x94, 0x16, 0x00, 0x00,
  0x00, 0x38, 0xFF, 0xFF, 0xDE, 0xCF, 0xFF, 0xFF, 0xFF, 0xFF, 0xFF, 0xDE, 0x16, 0x00, 0x00, 0x38,
  0xFF, 0xFF, 0xFF, 0xAD, 0x27, 0x0B, 0x43, 0xDE, 0xFF, 0xFF, 0x9C, 0x00, 0x00, 0x38, 0xFF, 0xFF,
  0xF2, 0x05, 0x00, 0x00, 0x00, 0x3B, 0xFF, 0xFF, 0xF6, 0x07, 0x00, 0x38, 0xFF, 0xFF, 0xD8, 0x00,
  0x00, 0x00, 0x00, 0x01, 0xF4, 0xFF, 0xFF, 0x31, 0x00, 0x38, 0xFF, 0xFF, 0xD8, 0x00, 0x00, 0x00,
  0x00, 0x00, 0xE4, 0xFF, 0xFF, 0x48, 0x00, 0x38, 0xFF, 0xFF, 0xD8, 0x00, 0x00, 0x00, 0x00, 0x00,
  0xE4, 0xFF, 0xFF, 0x47, 0x00, 0x38, 0xFF, 0xFF, 0xD8, 0x00, 0x00, 0x00, 0x00, 0x00, 0xF3, 0xFF,
  0xFF, 0x31, 0x00, 0x38, 0xFF, 0xFF, 0xF2, 0x04, 0x00, 0x00, 0x00, 0x39, 0xFF, 0xFF, 0xF5, 0x06,
  0x00, 0x38, 0xFF, 0xFF, 0xFF, 0xA7, 0x24, 0x0A, 0x41, 0xDC, 0xFF, 0xFF, 0x9A, 0x00, 0x00, 0x38,
  0xFF, 0xFF, 0xDD, 0xCD, 0xFF, 0xFF, 0xFF, 0xFF, 0xFF, 0xDC, 0x15, 0x00, 0x00, 0x38, 0xFF, 0xFF,
  0xD8, 0x12, 0x98, 0xE5, 0xF9, 0xE1, 0x94, 0x15, 0x00, 0x00, 0x00, 0x00, 0x00, 0x33, 0xA3, 0xE2,
  0xF9, 0xEB, 0xC7, 0x6E, 0x05, 0x00, 0x00, 0x00, 0x68, 0xFD, 0xFF, 0xFF, 0xFF, 0xFF, 0xFF, 0xFF,
  0xC5, 0x08, 0x00, 0x34, 0xFC, 0xFF, 0xED, 0x50, 0x0D, 0x24, 0xB8, 0xFF, 0xFF, 0x63, 0x00, 0xA9,
  0xFF, 0xFF, 0x70, 0x00, 0x00, 0x00, 0x10, 0xA3, 0x36, 0x00, 0x00, 0xEB, 0xFF, 0xFF, 0x35, 0x00,
  0x00, 0x00, 0x00, 0x00, 0x00, 0x00, 0x07, 0xFF, 0xFF, 0xFF, 0x28, 0x00, 0x00, 0x00, 0x00, 0x00,
  0x00, 0x00, 0x06, 0xFF, 0xFF, 0xFF, 0x28, 0x00, 0x00, 0x00, 0x00, 0x00, 0x00, 0x00, 0x00, 0xE9,
  0xFF, 0xFF, 0x34, 0x00, 0x00, 0x00, 0x00, 0x00, 0x00, 0x00, 0x00, 0xA6, 0xFF, 0xFF, 0x6E, 0x00,
  0x00, 0x00, 0x06, 0xBE, 0x6C, 0x09, 0x00, 0x31, 0xFB, 0xFF, 0xEC, 0x4E, 0x0C, 0x21, 0xAE, 0xFF,
  0xFF, 0x79, 0x00, 0x00, 0x66, 0xFD, 0xFF, 0xFF, 0xFF, 0xFF, 0xFF, 0xFF, 0xC3, 0x08, 0x00, 0x00,
  0x00, 0x34, 0xA7, 0xE4, 0xF9, 0xEC, 0xC7, 0x6F, 0x05, 0x00, 0x00, 0x00, 0x00, 0x00, 0x00, 0x00,
  0x00, 0x00, 0x00, 0x74, 0xFF, 0xFF, 0xA0, 0x00, 0x00, 0x00, 0x00, 0x00, 0x00, 0x00, 0x00, 0x00,
  0x00, 0x74, 0xFF, 0xFF, 0xA0, 0x00, 0x00, 0x00, 0x00, 0x00, 0x00, 0x00, 0x00, 0x00, 0x00, 0x74,
  0xFF, 0xFF, 0xA0, 0x00, 0x00, 0x00, 0x00, 0x00, 0x00, 0x00, 0x00, 0x00, 0x00, 0x74, 0xFF, 0xFF,
  0xA0, 0x00, 0x00, 0x00, 0x00, 0x00, 0x00, 0x00, 0x00, 0x00, 0x00, 0x74, 0xFF, 0xFF, 0xA0, 0x00,
  0x00, 0x00, 0x00, 0x00, 0x00, 0x00, 0x00, 0x00, 0x00, 0x74, 0xFF, 0xFF, 0xA0, 0x00, 0x00, 0x00,
  0x01, 0x65, 0xCB, 0xF5, 0xF1, 0xBC, 0x3F, 0x74, 0xFF, 0xFF, 0xA0, 0x00, 0x00, 0x00, 0x95, 0xFF,
  0xFF, 0xFF, 0xFF, 0xFF, 0xFC, 0xAD, 0xFF, 0xFF, 0xA0, 0x00, 0x00, 0x3C, 0xFF, 0xFF, 0xFE, 0x78,
  0x15, 0x13, 0x69, 0xFA, 0xFF, 0xFF, 0xA0, 0x00, 0x00, 0x9B, 0xFF, 0xFF, 0xA1, 0x00, 0x00, 0x00,
  0x00, 0x94, 0xFF, 0xFF, 0xA0, 0x00, 0x00, 0xCF, 0xFF, 0xFF, 0x5C, 0x00, 0x00, 0x00, 0x00, 0x74,
  0xFF, 0xFF, 0xA0, 0x00, 0x00, 0xE5, 0xFF, 0xFF, 0x4C, 0x00, 0x00, 0x00, 0x00, 0x74, 0xFF, 0xFF,
  0xA0, 0x00, 0x00, 0xE5, 0xFF, 0xFF, 0x4C, 0x00, 0x00, 0x00, 0x00, 0x74, 0xFF, 0xFF, 0xA0, 0x00,
  0x00, 0xCE, 0xFF, 0xFF, 0x5B, 0x00, 0x00, 0x00, 0x00, 0x74, 0xFF, 0xFF, 0xA0, 0x00, 0x00, 0x99,
  0xFF, 0xFF, 0x9F, 0x00, 0x00, 0x00, 0x00, 0x93, 0xFF, 0xFF, 0xA0, 0x00, 0x00, 0x39, 0xFF, 0xFF,
  0xFD, 0x76, 0x14, 0x11, 0x63, 0xF8, 0xFF, 0xFF, 0xA0, 0x00, 0x00, 0x00, 0x92, 0xFF, 0xFF, 0xFF,
  0xFF, 0xFF, 0xFC, 0xAC, 0xFF, 0xFF, 0xA0, 0x00, 0x00, 0x00, 0x01, 0x64, 0xCB, 0xF5, 0xF2, 0xBD,
  0x3E, 0x74, 0xFF, 0xFF, 0xA0, 0x00, 0x00, 0x00, 0x00, 0x29, 0x9B, 0xDF, 0xF8, 0xEE, 0xC1, 0x61,
  0x02, 0x00, 0x00, 0x00, 0x00, 0x5B, 0xF9, 0xFF, 0xFF, 0xFF, 0xFF, 0xFF, 0xFF, 0xB5, 0x07, 0x00,
  0x00, 0x2C, 0xF9, 0xFF, 0xF1, 0x5A, 0x0F, 0x23, 0xB4, 0xFF, 0xFF, 0x89, 0x00, 0x00, 0xA3, 0xFF,
  0xFF, 0x6F, 0x00, 0x00, 0x00, 0x0F, 0xF2, 0xFF, 0xF5, 0x0E, 0x00, 0xE9, 0xFF, 0xFF, 0x2D, 0x00,
  0x00, 0x00, 0x00, 0xC7, 0xFF, 0xFF, 0x49, 0x06, 0xFF, 0xFF, 0xFF, 0xFF, 0xFF, 0xFF, 0xFF, 0xFF,
  0xFF, 0xFF, 0xFF, 0x6A, 0x06, 0xFF, 0xFF, 0xFF, 0xFF, 0xFF, 0xFF, 0xFF, 0xFF, 0xFF, 0xFF, 0xFF,
  0x73, 0x00, 0xE6, 0xFF, 0xFF, 0x2B, 0x00, 0x00, 0x00, 0x00, 0x00, 0x00, 0x00, 0x00, 0x00, 0x9E,
  0xFF, 0xFF, 0x6C, 0x00, 0x00, 0x00, 0x00, 0x06, 0x49, 0x00, 0x00, 0x00, 0x28, 0xF7, 0xFF, 0xF1,
  0x62, 0x17, 0x09, 0x37, 0xC3, 0xFF, 0x75, 0x00, 0x00, 0x00, 0x55, 0xF7, 0xFF, 0xFF, 0xFF, 0xFF,
  0xFF, 0xFF, 0xFE, 0x84, 0x00, 0x00, 0x00, 0x00, 0x26, 0x99, 0xDD, 0xF8, 0xF3, 0xD8, 0x99, 0x30,
  0x00, 0x00, 0x00, 0x00, 0x00, 0x36, 0xC3, 0xF8, 0xFF, 0xFF, 0x0C, 0x00, 0x00, 0x0E, 0xEB, 0xFF,
  0xFF, 0xFF, 0xFF, 0x0C, 0x00, 0x00, 0x65, 0xFF, 0xFF, 0x78, 0x00, 0x00, 0x00, 0x00, 0x00, 0x89,
  0xFF, 0xFF, 0x78, 0x00, 0x00, 0x00, 0x00, 0x00, 0x98, 0xFF, 0xFF, 0x78, 0x00, 0x00, 0x00, 0x00,
  0x00, 0x98, 0xFF, 0xFF, 0x78, 0x00, 0x00, 0x00, 0x74, 0xFF, 0xFF, 0xFF, 0xFF, 0xFF, 0xFF, 0xFF,
  0x0C, 0x74, 0xFF, 0xFF, 0xFF, 0xFF, 0xFF, 0xFF, 0xFF, 0x0C, 0x00, 0x00, 0x98, 0xFF, 0xFF, 0x78,
  0x00, 0x00, 0x00, 0x00, 0x00, 0x98, 0xFF, 0xFF, 0x78, 0x00, 0x00, 0x00, 0x00, 0x00, 0x98, 0xFF,
  0xFF, 0x78, 0x00, 0x00, 0x00, 0x00, 0x00, 0x98, 0xFF, 0xFF, 0x78, 0x00, 0x00, 0x00, 0x00, 0x00,
  0x98, 0xFF, 0xFF, 0x78, 0x00, 0x00, 0x00, 0x00, 0x00, 0x98, 0xFF, 0xFF, 0x78, 0x00, 0x00, 0x00,
  0x00, 0x00, 0x98, 0xFF, 0xFF, 0x78, 0x00, 0x00, 0x00, 0x00, 0x00, 0x98, 0xFF, 0xFF, 0x78, 0x00,
  0x00, 0x00, 0x00, 0x00, 0x98, 0xFF, 0xFF, 0x78, 0x00, 0x00, 0x00, 0x00, 0x00, 0x98, 0xFF, 0xFF,
  0x78, 0x00, 0x00, 0x00, 0x00, 0x00, 0x00, 0x00, 0x00, 0x00, 0x00, 0x00, 0x00, 0x97, 0xF9, 0xFF,
  0x68, 0x00, 0x00, 0x00, 0x00, 0x00, 0x00, 0x00, 0x00, 0x00, 0x24, 0xFF, 0xFF, 0xFF, 0x68, 0x00,
  0x00, 0x00, 0x00, 0x00, 0x00, 0x00, 0x00, 0x00, 0x47, 0xE1, 0x1A, 0x00, 0x00, 0x00, 0x00, 0x00,
  0x03, 0x68, 0xC3, 0xEF, 0xFB, 0xEB, 0xD6, 0xFF, 0xD6, 0x07, 0x00, 0x00, 0x00, 0x03, 0xB8, 0xFF,
  0xFF, 0xFF, 0xFF, 0xFF, 0xFF, 0xFF, 0xFF, 0x5F, 0x00, 0x00, 0x00, 0x60, 0xFF, 0xFF, 0xC6, 0x2A,
  0x07, 0x29, 0xC5, 0xFF, 0xFF, 0x9B, 0x00, 0x00, 0x00, 0xA2, 0xFF, 0xFF, 0x4F, 0x00, 0x00, 0x00,
  0x4B, 0xFF, 0xFF, 0xA9, 0x00, 0x00, 0x00, 0xA0, 0xFF, 0xFF, 0x4F, 0x00, 0x00, 0x00, 0x4B, 0xFF,
  0xFF, 0x8A, 0x00, 0x00, 0x00, 0x62, 0xFF, 0xFF, 0xC6, 0x29, 0x07, 0x29, 0xC5, 0xFF, 0xFF, 0x34,
  0x00, 0x00, 0x00, 0x05, 0xB8, 0xFF, 0xFF, 0xFF, 0xFF, 0xFF, 0xFF, 0xFF, 0x85, 0x00, 0x00, 0x00,
  0x00, 0x00, 0x1A, 0xC9, 0xE6, 0xF0, 0xFC, 0xED, 0xBB, 0x51, 0x00, 0x00, 0x00, 0x00, 0x00, 0x42,
  0xF4, 0xDE, 0x08, 0x00, 0x00, 0x00, 0x00, 0x00, 0x00, 0x00, 0x00, 0x00, 0x00, 0xA6, 0xFF, 0xDF,
  0x21, 0x01, 0x00, 0x00, 0x00, 0x00, 0x00, 0x00, 0x00, 0x00, 0x00, 0x6E, 0xFF, 0xFF, 0xFF, 0xFF,
  0xFF, 0xFF, 0xFF, 0xF3, 0xCC, 0x6F, 0x02, 0x00, 0x00, 0x00, 0x7A, 0xFF, 0xFF, 0xFF, 0xFF, 0xFF,
  0xFF, 0xFF, 0xFF, 0xFF, 0x8C, 0x00, 0x00, 0xA2, 0xFF, 0x6F, 0x00, 0x00, 0x00, 0x00, 0x0A, 0x4C,
  0xF9, 0xFF, 0xF5, 0x03, 0x39, 0xFF, 0xFF, 0x32, 0x00, 0x00, 0x00, 0x00, 0x00, 0x00, 0xDC, 0xFF,
  0xFF, 0x0C, 0x45, 0xFF, 0xFF, 0xB0, 0x27, 0x06, 0x00, 0x04, 0x1C, 0x7A, 0xFF, 0xFF, 0xDE, 0x00,
  0x07, 0xD1, 0xFF, 0xFF, 0xFF, 0xFF, 0xFF, 0xFF, 0xFF, 0xFF, 0xFF, 0xF5, 0x48, 0x00, 0x00, 0x0A,
  0x6D, 0xB8, 0xE2, 0xF7, 0xFE, 0xF7, 0xE5, 0xC2, 0x81, 0x1E, 0x00, 0x00, 0x00, 0x38, 0xFF, 0xFF,
  0xD8, 0x00, 0x00, 0x00, 0x00, 0x00, 0x00, 0x00, 0x00, 0x00, 0x00, 0x38, 0xFF, 0xFF, 0xD8, 0x00,
  0x00, 0x00, 0x00, 0x00, 0x00, 0x00, 0x00, 0x00, 0x00, 0x38, 0xFF, 0xFF, 0xD8, 0x00, 0x00, 0x00,
  0x00, 0x00, 0x00, 0x00, 0x00, 0x00, 0x00, 0x38, 0xFF, 0xFF, 0xD8, 0x00, 0x00, 0x00, 0x00, 0x00,
  0x00, 0x00, 0x00, 0x00, 0x00, 0x38, 0xFF, 0xFF, 0xD8, 0x00, 0x00, 0x00, 0x00, 0x00, 0x00, 0x00,
  0x00, 0x00, 0x00, 0x38, 0xFF, 0xFF, 0xD8, 0x00, 0x00, 0x00, 0x00, 0x00, 0x00, 0x00, 0x00, 0x00,
  0x00, 0x38, 0xFF, 0xFF, 0xD8, 0x0D, 0x93, 0xE4, 0xFA, 0xE1, 0x87, 0x06, 0x00, 0x00, 0x00, 0x38,
  0xFF, 0xFF, 0xDC, 0xC0, 0xFF, 0xFF, 0xFF, 0xFF, 0xFF, 0xA7, 0x00, 0x00, 0x00, 0x38, 0xFF, 0xFF,
  0xFF, 0xA9, 0x24, 0x0B, 0x5B, 0xFE, 0xFF, 0xFF, 0x28, 0x00, 0x00, 0x38, 0xFF, 0xFF, 0xF2, 0x05,
  0x00, 0x00, 0x00, 0xC0, 0xFF, 0xFF, 0x64, 0x00, 0x00, 0x38, 0xFF, 0xFF, 0xD8, 0x00, 0x00, 0x00,
  0x00, 0x9D, 0xFF, 0xFF, 0x79, 0x00, 0x00, 0x38, 0xFF, 0xFF, 0xD8, 0x00, 0x00, 0x00, 0x00, 0x98,
  0xFF, 0xFF, 0x7C, 0x00, 0x00, 0x38, 0xFF, 0xFF, 0xD8, 0x00, 0x00, 0x00, 0x00, 0x98, 0xFF, 0xFF,
  0x7C, 0x00, 0x00, 0x38, 0xFF, 0xFF, 0xD8, 0x00, 0x00, 0x00, 0x00, 0x98, 0xFF, 0xFF, 0x7C, 0x00,
  0x00, 0x38, 0xFF, 0xFF, 0xD8, 0x00, 0x00, 0x00, 0x00, 0x98, 0xFF, 0xFF, 0x7C, 0x00, 0x00, 0x38,
  0xFF, 0xFF, 0xD8, 0x00, 0x00, 0x00, 0x00, 0x98, 0xFF, 0xFF, 0x7C, 0x00, 0x00, 0x38, 0xFF, 0xFF,
  0xD8, 0x00, 0x00, 0x00, 0x00, 0x98, 0xFF, 0xFF, 0x7C, 0x00, 0x00, 0x38, 0xFF, 0xFF, 0xD8, 0x00,
  0x00, 0x00, 0x00, 0x98, 0xFF, 0xFF, 0x7C, 0x00, 0x00, 0x1C, 0xD1, 0xF4, 0x91, 0x00, 0x00, 0x00,
  0x71, 0xFF, 0xFF, 0xFF, 0x11, 0x00, 0x00, 0x71, 0xFF, 0xFF, 0xFF, 0x11, 0x00, 0x00, 0x1C, 0xD1,
  0xF5, 0x91, 0x00, 0x00, 0x00, 0x00, 0x00, 0x00, 0x00, 0x00, 0x00, 0x00, 0x00, 0x00, 0x00, 0x00,
  0x00, 0x00, 0x00, 0x38, 0xFF, 0xFF, 0xD8, 0x00, 0x00, 0x00, 0x38, 0xFF, 0xFF, 0xD8, 0x00, 0x00,
  0x00, 0x38, 0xFF, 0xFF, 0xD8, 0x00, 0x00, 0x00, 0x38, 0xFF, 0xFF, 0xD8, 0x00, 0x00, 0x00, 0x38,
  0xFF, 0xFF, 0xD8, 0x00, 0x00, 0x00, 0x38, 0xFF, 0xFF, 0xD8, 0x00, 0x00, 0x00, 0x38, 0xFF, 0xFF,
  0xD8, 0x00, 0x00, 0x00, 0x38, 0xFF, 0xFF, 0xD8, 0x00, 0x00, 0x00, 0x38, 0xFF, 0xFF, 0xD8, 0x00,
  0x00, 0x00, 0x38, 0xFF, 0xFF, 0xD8, 0x00, 0x00, 0x00, 0x38, 0xFF, 0xFF, 0xD8, 0x00, 0x00, 0x00,
  0x38, 0xFF, 0xFF, 0xD8, 0x00, 0x00, 0x00, 0x00, 0x1C, 0xD1, 0xF4, 0x91, 0x00, 0x00, 0x00, 0x00,
  0x71, 0xFF, 0xFF, 0xFF, 0x11, 0x00, 0x00, 0x00, 0x71, 0xFF, 0xFF, 0xFF, 0x11, 0x00, 0x00, 0x00,
  0x1C, 0xD1, 0xF5, 0x91, 0x00, 0x00, 0x00, 0x00, 0x00, 0x00, 0x00, 0x00, 0x00, 0x00, 0x00, 0x00,
  0x00, 0x00, 0x00, 0x00, 0x00, 0x00, 0x00, 0x00, 0x38, 0xFF, 0xFF, 0xD8, 0x00, 0x00, 0x00, 0x00,
  0x38, 0xFF, 0xFF, 0xD8, 0x00, 0x00, 0x00, 0x00, 0x38, 0xFF, 0xFF, 0xD8, 0x00, 0x00, 0x00, 0x00,
  0x38, 0xFF, 0xFF, 0xD8, 0x00, 0x00, 0x00, 0x00, 0x38, 0xFF, 0xFF, 0xD8, 0x00, 0x00, 0x00, 0x00,
  0x38, 0xFF, 0xFF, 0xD8, 0x00, 0x00, 0x00, 0x00, 0x38, 0xFF, 0xFF, 0xD8, 0x00, 0x00, 0x00, 0x00,
  0x38, 0xFF, 0xFF, 0xD8, 0x00, 0x00, 0x00, 0x00, 0x38, 0xFF, 0xFF, 0xD8, 0x00, 0x00, 0x00, 0x00,
  0x38, 0xFF, 0xFF, 0xD8, 0x00, 0x00, 0x00, 0x00, 0x38, 0xFF, 0xFF, 0xD8, 0x00, 0x00, 0x00, 0x00,
  0x38, 0xFF, 0xFF, 0xD8, 0x00, 0x00, 0x00, 0x00, 0x38, 0xFF, 0xFF, 0xD8, 0x00, 0x00, 0x00, 0x00,
  0x38, 0xFF, 0xFF, 0xD7, 0x00, 0x00, 0x00, 0x00, 0x38, 0xFF, 0xFF, 0xBC, 0x00, 0x00, 0x00, 0xFF,
  0xFF, 0xFF, 0xFF, 0x6F, 0x00, 0x00, 0x00, 0xFF, 0xFC, 0xDE, 0x81, 0x04, 0x00, 0x00, 0x00, 0x38,
  0xFF, 0xFF, 0xD8, 0x00, 0x00, 0x00, 0x00, 0x00, 0x00, 0x00, 0x00, 0x00, 0x00, 0x38, 0xFF, 0xFF,
  0xD8, 0x00, 0x00, 0x00, 0x00, 0x00, 0x00, 0x00, 0x00, 0x00, 0x00, 0x38, 0xFF, 0xFF, 0xD8, 0x00,
  0x00, 0x00, 0x00, 0x00, 0x00, 0x00, 0x00, 0x00, 0x00, 0x38, 0xFF, 0xFF, 0xD8, 0x00, 0x00, 0x00,
  0x00, 0x00, 0x00, 0x00, 0x00, 0x00, 0x00, 0x38, 0xFF, 0xFF, 0xD8, 0x00, 0x00, 0x00, 0x00, 0x00,
  0x00, 0x00, 0x00, 0x00, 0x00, 0x38, 0xFF, 0xFF, 0xD8, 0x00, 0x00, 0x00, 0x00, 0x00, 0x00, 0x00,
  0x00, 0x00, 0x00, 0x38, 0xFF, 0xFF, 0xD8, 0x00, 0x00, 0x00, 0x1F, 0xE5, 0xFF, 0xFF, 0x70, 0x00,
  0x00, 0x38, 0xFF, 0xFF, 0xD8, 0x00, 0x00, 0x15, 0xD9, 0xFF, 0xFF, 0x83, 0x00, 0x00, 0x00, 0x38,
  0xFF, 0xFF, 0xD8, 0x00, 0x0C, 0xCB, 0xFF, 0xFF, 0x95, 0x00, 0x00, 0x00, 0x00, 0x38, 0xFF, 0xFF,
  0xD8, 0x01, 0xB1, 0xFF, 0xFF, 0xA5, 0x01, 0x00, 0x00, 0x00, 0x00, 0x38, 0xFF, 0xFF, 0xD8, 0x78,
  0xFF, 0xFF, 0xCE, 0x04, 0x00, 0x00, 0x00, 0x00, 0x00, 0x38, 0xFF, 0xFF, 0xF6, 0xFC, 0xFF, 0xFF,
  0xF9, 0x2C, 0x00, 0x00, 0x00, 0x00, 0x00, 0x38, 0xFF, 0xFF, 0xFF, 0xFF, 0xEB, 0xFF, 0xFF, 0xC9,
  0x03, 0x00, 0x00, 0x00, 0x00, 0x38, 0xFF, 0xFF, 0xFF, 0xB6, 0x18, 0xEC, 0xFF, 0xFF, 0x73, 0x00,
  0x00, 0x00, 0x00, 0x38, 0xFF, 0xFF, 0xE7, 0x0A, 0x00, 0x65, 0xFF, 0xFF, 0xF5, 0x23, 0x00, 0x00,
  0x00, 0x38, 0xFF, 0xFF, 0xD8, 0x00, 0x00, 0x01, 0xC9, 0xFF, 0xFF, 0xBE, 0x01, 0x00, 0x00, 0x38,
  0xFF, 0xFF, 0xD8, 0x00, 0x00, 0x00, 0x33, 0xFD, 0xFF, 0xFF, 0x66, 0x00, 0x00, 0x38, 0xFF, 0xFF,
  0xD8, 0x00, 0x00, 0x00, 0x00, 0x95, 0xFF, 0xFF, 0xF0, 0x1B, 0x00, 0x38, 0xFF, 0xFF, 0xD8, 0x00,
  0x00, 0x00, 0x38, 0xFF, 0xFF, 0xD8, 0x00, 0x00, 0x00, 0x38, 0xFF, 0xFF, 0xD8, 0x00, 0x00, 0x00,
  0x38, 0xFF, 0xFF, 0xD8, 0x00, 0x00, 0x00, 0x38, 0xFF, 0xFF, 0xD8, 0x00, 0x00, 0x00, 0x38, 0xFF,
  0xFF, 0xD8, 0x00, 0x00, 0x00, 0x38, 0xFF, 0xFF, 0xD8, 0x00, 0x00, 0x00, 0x38, 0xFF, 0xFF, 0xD8,
  0x00, 0x00, 0x00, 0x38, 0xFF, 0xFF, 0xD8, 0x00, 0x00, 0x00, 0x38, 0xFF, 0xFF, 0xD8, 0x00, 0x00,
  0x00, 0x38, 0xFF, 0xFF, 0xD8, 0x00, 0x00, 0x00, 0x38, 0xFF, 0xFF, 0xD8, 0x00, 0x00, 0x00, 0x38,
  0xFF, 0xFF, 0xD8, 0x00, 0x00, 0x00, 0x38, 0xFF, 0xFF, 0xD8, 0x00, 0x00, 0x00, 0x37, 0xFF, 0xFF,
  0xD8, 0x00, 0x00, 0x00, 0x24, 0xFF, 0xFF, 0xD8, 0x00, 0x00, 0x00, 0x03, 0xDB, 0xFF, 0xFF, 0xFF,
  0x80, 0x00, 0x00, 0x2F, 0xC0, 0xF2, 0xFF, 0x80, 0x00, 0x38, 0xFF, 0xFF, 0xD8, 0x10, 0x9B, 0xE7,
  0xF8, 0xD9, 0x7C, 0x04, 0x04, 0x77, 0xD4, 0xF6, 0xEF, 0xA8, 0x1B, 0x00, 0x00, 0x00, 0x38, 0xFF,
  0xFF, 0xDC, 0xC3, 0xFF, 0xFF, 0xFF, 0xFF, 0xFF, 0x9F, 0xA9, 0xFF, 0xFF, 0xFF, 0xFF, 0xFF, 0xD9,
  0x09, 0x00, 0x00, 0x38, 0xFF, 0xFF, 0xFF, 0xA2, 0x1E, 0x11, 0x8E, 0xFF, 0xFF, 0xFF, 0xE0, 0x40,
  0x0A, 0x40, 0xEE, 0xFF, 0xFF, 0x5F, 0x00, 0x00, 0x38, 0xFF, 0xFF, 0xF1, 0x03, 0x00, 0x00, 0x07,
  0xF3, 0xFF, 0xFF, 0x5E, 0x00, 0x00, 0x00, 0x8E, 0xFF, 0xFF, 0x99, 0x00, 0x00, 0x38, 0xFF, 0xFF,
  0xD8, 0x00, 0x00, 0x00, 0x00, 0xD5, 0xFF, 0xFF, 0x44, 0x00, 0x00, 0x00, 0x69, 0xFF, 0xFF, 0xAD,
  0x00, 0x00, 0x38, 0xFF, 0xFF, 0xD8, 0x00, 0x00, 0x00, 0x00, 0xD0, 0xFF, 0xFF, 0x44, 0x00, 0x00,
  0x00, 0x64, 0xFF, 0xFF, 0xB0, 0x00, 0x00, 0x38, 0xFF, 0xFF, 0xD8, 0x00, 0x00, 0x00, 0x00, 0xD0,
  0xFF, 0xFF, 0x44, 0x00, 0x00, 0x00, 0x64, 0xFF, 0xFF, 0xB0, 0x00, 0x00, 0x38, 0xFF, 0xFF, 0xD8,
  0x00, 0x00, 0x00, 0x00, 0xD0, 0xFF, 0xFF, 0x44, 0x00, 0x00, 0x00, 0x64, 0xFF, 0xFF, 0xB0, 0x00,
  0x00, 0x38, 0xFF, 0xFF, 0xD8, 0x00, 0x00, 0x00, 0x00, 0xD0, 0xFF, 0xFF, 0x44, 0x00, 0x00, 0x00,
  0x64, 0xFF, 0xFF, 0xB0, 0x00, 0x00, 0x38, 0xFF, 0xFF, 0xD8, 0x00, 0x00, 0x00, 0x00, 0xD0, 0xFF,
  0xFF, 0x44, 0x00, 0x00, 0x00, 0x64, 0xFF, 0xFF, 0xB0, 0x00, 0x00, 0x38, 0xFF, 0xFF, 0xD8, 0x00,
  0x00, 0x00, 0x00, 0xD0, 0xFF, 0xFF, 0x44, 0x00, 0x00, 0x00, 0x64, 0xFF, 0xFF, 0xB0, 0x00, 0x00,
  0x38, 0xFF, 0xFF, 0xD8, 0x00, 0x00, 0x00, 0x00, 0xD0, 0xFF, 0xFF, 0x44, 0x00, 0x00, 0x00, 0x64,
  0xFF, 0xFF, 0xB0, 0x00, 0x00, 0x38, 0xFF, 0xFF, 0xD8, 0x0D, 0x93, 0xE4, 0xFA, 0xE1, 0x87, 0x06,
  0x00, 0x00, 0x00, 0x38, 0xFF, 0xFF, 0xDC, 0xC0, 0xFF, 0xFF, 0xFF, 0xFF, 0xFF, 0xA7, 0x00, 0x00,
  0x00, 0x38, 0xFF, 0xFF, 0xFF, 0xA9, 0x24, 0x0B, 0x5B, 0xFE, 0xFF, 0xFF, 0x28, 0x00, 0x00, 0x38,
  0xFF, 0xFF, 0xF2, 0x05, 0x00, 0x00, 0x00, 0xC0, 0xFF, 0xFF, 0x64, 0x00, 0x00, 0x38, 0xFF, 0xFF,
  0xD8, 0x00, 0x00, 0x00, 0x00, 0x9D, 0xFF, 0xFF, 0x79, 0x00, 0x00, 0x38, 0xFF, 0xFF, 0xD8, 0x00,
  0x00, 0x00, 0x00, 0x98, 0xFF, 0xFF, 0x7C, 0x00, 0x00, 0x38, 0xFF, 0xFF, 0xD8, 0x00, 0x00, 0x00,
  0x00, 0x98, 0xFF, 0xFF, 0x7C, 0x00, 0x00, 0x38, 0xFF, 0xFF, 0xD8, 0x00, 0x00, 0x00, 0x00, 0x98,
  0xFF, 0xFF, 0x7C, 0x00, 0x00, 0x38, 0xFF, 0xFF, 0xD8, 0x00, 0x00, 0x00, 0x00, 0x98, 0xFF, 0xFF,
  0x7C, 0x00, 0x00, 0x38, 0xFF, 0xFF, 0xD8, 0x00, 0x00, 0x00, 0x00, 0x98, 0xFF, 0xFF, 0x7C, 0x00,
  0x00, 0x38, 0xFF, 0xFF, 0xD8, 0x00, 0x00, 0x00, 0x00, 0x98, 0xFF, 0xFF, 0x7C, 0x00, 0x00, 0x38,
  0xFF, 0xFF, 0xD8, 0x00, 0x00, 0x00, 0x00, 0x98, 0xFF, 0xFF, 0x7C, 0x00, 0x00, 0x00, 0x00, 0x2A,
  0x9C, 0xDF, 0xF9, 0xEF, 0xC3, 0x68, 0x06, 0x00, 0x00, 0x00, 0x00, 0x00, 0x5B, 0xF9, 0xFF, 0xFF,
  0xFF, 0xFF, 0xFF, 0xFF, 0xC6, 0x0F, 0x00, 0x00, 0x00, 0x2B, 0xF9, 0xFF, 0xEE, 0x53, 0x0D, 0x22,
  0xA9, 0xFF, 0xFF, 0xA7, 0x00, 0x00, 0x00, 0xA1, 0xFF, 0xFF, 0x6D, 0x00, 0x00, 0x00, 0x07, 0xE4,
  0xFF, 0xFE, 0x26, 0x00, 0x00, 0xE8, 0xFF, 0xFF, 0x34, 0x00, 0x00, 0x00, 0x00, 0xB1, 0xFF, 0xFF,
  0x6B, 0x00, 0x06, 0xFF, 0xFF, 0xFF, 0x28, 0x00, 0x00, 0x00, 0x00, 0xA4, 0xFF, 0xFF, 0x8A, 0x00,
  0x06, 0xFF, 0xFF, 0xFF, 0x28, 0x00, 0x00, 0x00, 0x00, 0xA4, 0xFF, 0xFF, 0x89, 0x00, 0x00, 0xE6,
  0xFF, 0xFF, 0x35, 0x00, 0x00, 0x00, 0x00, 0xB2, 0xFF, 0xFF, 0x6A, 0x00, 0x00, 0x9E, 0xFF, 0xFF,
  0x6D, 0x00, 0x00, 0x00, 0x07, 0xE4, 0xFF, 0xFE, 0x23, 0x00, 0x00, 0x29, 0xF8, 0xFF, 0xEC, 0x50,
  0x0C, 0x21, 0xA6, 0xFF, 0xFF, 0xA3, 0x00, 0x00, 0x00, 0x00, 0x58, 0xF9, 0xFF, 0xFF, 0xFF, 0xFF,
  0xFF, 0xFF, 0xC4, 0x0D, 0x00, 0x00, 0x00, 0x00, 0x00, 0x2B, 0xA0, 0xE1, 0xF9, 0xF1, 0xC5, 0x6B,
  0x06, 0x00, 0x00, 0x00, 0x00, 0x38, 0xFF, 0xFF, 0xD8, 0x13, 0x97, 0xE4, 0xF9, 0xE1, 0x94, 0x16,
  0x00, 0x00, 0x00, 0x38, 0xFF, 0xFF, 0xDE, 0xCF, 0xFF, 0xFF, 0xFF, 0xFF, 0xFF, 0xDE, 0x16, 0x00,
  0x00, 0x38, 0xFF, 0xFF, 0xFF, 0xAD, 0x27, 0x0B, 0x43, 0xDE, 0xFF, 0xFF, 0x9C, 0x00, 0x00, 0x38,
  0xFF, 0xFF, 0xF2, 0x05, 0x00, 0x00, 0x00, 0x3B, 0xFF, 0xFF, 0xF6, 0x07, 0x00, 0x38, 0xFF, 0xFF,
  0xD8, 0x00, 0x00, 0x00, 0x00, 0x01, 0xF4, 0xFF, 0xFF, 0x31, 0x00, 0x38, 0xFF, 0xFF, 0xD8, 0x00,
  0x00, 0x00, 0x00, 0x00, 0xE4, 0xFF, 0xFF, 0x48, 0x00, 0x38, 0xFF, 0xFF, 0xD8, 0x00, 0x00, 0x00,
  0x00, 0x00, 0xE4, 0xFF, 0xFF, 0x47, 0x00, 0x38, 0xFF, 0xFF, 0xD8, 0x00, 0x00, 0x00, 0x00, 0x00,
  0xF3, 0xFF, 0xFF, 0x31, 0x00, 0x38, 0xFF, 0xFF, 0xF2, 0x04, 0x00, 0x00, 0x00, 0x39, 0xFF, 0xFF,
  0xF5, 0x06, 0x00, 0x38, 0xFF, 0xFF, 0xFF, 0xA7, 0x24, 0x0A, 0x41, 0xDC, 0xFF, 0xFF, 0x9A, 0x00,
  0x00, 0x38, 0xFF, 0xFF, 0xDD, 0xCD, 0xFF, 0xFF, 0xFF, 0xFF, 0xFF, 0xDC, 0x15, 0x00, 0x00, 0x38,
  0xFF, 0xFF, 0xD8, 0x12, 0x98, 0xE5, 0xF9, 0xE1, 0x94, 0x15, 0x00, 0x00, 0x00, 0x38, 0xFF, 0xFF,
  0xD8, 0x00, 0x00, 0x00, 0x00, 0x00, 0x00, 0x00, 0x00, 0x00, 0x00, 0x38, 0xFF, 0xFF, 0xD8, 0x00,
  0x00, 0x00, 0x00, 0x00, 0x00, 0x00, 0x00, 0x00, 0x00, 0x38, 0xFF, 0xFF, 0xD8, 0x00, 0x00, 0x00,
  0x00, 0x00, 0x00, 0x00, 0x00, 0x00, 0x00, 0x38, 0xFF, 0xFF, 0xD8, 0x00, 0x00, 0x00, 0x00, 0x00,
  0x00, 0x00, 0x00, 0x00, 0x00, 0x38, 0xFF, 0xFF, 0xD8, 0x00, 0x00, 0x00, 0x00, 0x00, 0x00, 0x00,
  0x00, 0x00, 0x00, 0x00, 0x01, 0x65, 0xCB, 0xF5, 0xF1, 0xBC, 0x3F, 0x74, 0xFF, 0xFF, 0xA0, 0x00,
  0x00, 0x00, 0x95, 0xFF, 0xFF, 0xFF, 0xFF, 0xFF, 0xFC, 0xAD, 0xFF, 0xFF, 0xA0, 0x00, 0x00, 0x3C,
  0xFF, 0xFF, 0xFE, 0x78, 0x15, 0x13, 0x69, 0xFA, 0xFF, 0xFF, 0xA0, 0x00, 0x00, 0x9B, 0xFF, 0xFF,
  0xA1, 0x00, 0x00, 0x00, 0x00, 0x94, 0xFF, 0xFF, 0xA0, 0x00, 0x00, 0xCF, 0xFF, 0xFF, 0x5C, 0x00,
  0x00, 0x00, 0x00, 0x74, 0xFF, 0xFF, 0xA0, 0x00, 0x00, 0xE5, 0xFF, 0xFF, 0x4C, 0x00, 0x00, 0x00,
  0x00, 0x74, 0xFF, 0xFF, 0xA0, 0x00, 0x00, 0xE5, 0xFF, 0xFF, 0x4C, 0x00, 0x00, 0x00, 0x00, 0x74,
  0xFF, 0xFF, 0xA0, 0x00, 0x00, 0xCE, 0xFF, 0xFF, 0x5B, 0x00, 0x00, 0x00, 0x00, 0x74, 0xFF, 0xFF,
  0xA0, 0x00, 0x00, 0x99, 0xFF, 0xFF, 0x9F, 0x00, 0x00, 0x00, 0x00, 0x93, 0xFF, 0xFF, 0xA0, 0x00,
  0x00, 0x39, 0xFF, 0xFF, 0xFD, 0x76, 0x14, 0x11, 0x63, 0xF8, 0xFF, 0xFF, 0xA0, 0x00, 0x00, 0x00,
  0x92, 0xFF, 0xFF, 0xFF, 0xFF, 0xFF, 0xFC, 0xAC, 0xFF, 0xFF, 0xA0, 0x00, 0x00, 0x00, 0x01, 0x64,
  0xCB, 0xF5, 0xF2, 0xBD, 0x3E, 0x74, 0xFF, 0xFF, 0xA0, 0x00, 0x00, 0x00, 0x00, 0x00, 0x00, 0x00,
  0x00, 0x00, 0x00, 0x74, 0xFF, 0xFF, 0xA0, 0x00, 0x00, 0x00, 0x00, 0x00, 0x00, 0x00, 0x00, 0x00,
  0x00, 0x74, 0xFF, 0xFF, 0xA0, 0x00, 0x00, 0x00, 0x00, 0x00, 0x00, 0x00, 0x00, 0x00, 0x00, 0x74,
  0xFF, 0xFF, 0xA0, 0x00, 0x00, 0x00, 0x00, 0x00, 0x00, 0x00, 0x00, 0x00, 0x00, 0x74, 0xFF, 0xFF,
  0xA0, 0x00, 0x00, 0x00, 0x00, 0x00, 0x00, 0x00, 0x00, 0x00, 0x00, 0x74, 0xFF, 0xFF, 0xA0, 0x00,
  0x00, 0x38, 0xFF, 0xFF, 0xD8, 0x1D, 0xA7, 0xE7, 0xF2, 0x00, 0x38, 0xFF, 0xFF, 0xE0, 0xD8, 0xFF,
  0xFF, 0xF4, 0x00, 0x38, 0xFF, 0xFF, 0xFF, 0xA9, 0x30, 0x0B, 0x00, 0x00, 0x38, 0xFF, 0xFF, 0xF2,
  0x03, 0x00, 0x00, 0x00, 0x00, 0x38, 0xFF, 0xFF, 0xD8, 0x00, 0x00, 0x00, 0x00, 0x00, 0x38, 0xFF,
  0xFF, 0xD8, 0x00, 0x00, 0x00, 0x00, 0x00, 0x38, 0xFF, 0xFF, 0xD8, 0x00, 0x00, 0x00, 0x00, 0x00,
  0x38, 0xFF, 0xFF, 0xD8, 0x00, 0x00, 0x00, 0x00, 0x00, 0x38, 0xFF, 0xFF, 0xD8, 0x00, 0x00, 0x00,
  0x00, 0x00, 0x38, 0xFF, 0xFF, 0xD8, 0x00, 0x00, 0x00, 0x00, 0x00, 0x38, 0xFF, 0xFF, 0xD8, 0x00,
  0x00, 0x00, 0x00, 0x00, 0x38, 0xFF, 0xFF, 0xD8, 0x00, 0x00, 0x00, 0x00, 0x00, 0x00, 0x19, 0x8B,
  0xD2, 0xF3, 0xF3, 0xD9, 0x99, 0x28, 0x00, 0x00, 0x00, 0x2B, 0xEE, 0xFF, 0xFF, 0xFF, 0xFF, 0xFF,
  0xFF, 0xFB, 0x63, 0x00, 0x00, 0xAF, 0xFF, 0xFF, 0x80, 0x0D, 0x10, 0x5E, 0xED, 0xD7, 0x1F, 0x00,
  0x00, 0xD9, 0xFF, 0xFF, 0x20, 0x00, 0x00, 0x00, 0x1D, 0x12, 0x00, 0x00, 0x00, 0xBC, 0xFF, 0xFF,
  0xB3, 0x3F, 0x17, 0x00, 0x00, 0x00, 0x00, 0x00, 0x00, 0x3E, 0xF7, 0xFF, 0xFF, 0xFF, 0xFF, 0xEF,
  0xB2, 0x44, 0x00, 0x00, 0x00, 0x00, 0x1F, 0x91, 0xD1, 0xFC, 0xFF, 0xFF, 0xFF, 0xFF, 0x6A, 0x00,
  0x00, 0x00, 0x00, 0x00, 0x00, 0x06, 0x29, 0x86, 0xFF, 0xFF, 0xEC, 0x00, 0x00, 0x08, 0x83, 0x0D,
  0x00, 0x00, 0x00, 0x00, 0xF4, 0xFF, 0xFE, 0x04, 0x0F, 0xC4, 0xFF, 0xD7, 0x4F, 0x0E, 0x0D, 0x6A,
  0xFF, 0xFF, 0xC9, 0x00, 0x04, 0x98, 0xFF, 0xFF, 0xFF, 0xFF, 0xFF, 0xFF, 0xFF, 0xEC, 0x30, 0x00,
  0x00, 0x00, 0x40, 0xA6, 0xE1, 0xF8, 0xF7, 0xD6, 0x8B, 0x18, 0x00, 0x00, 0x00, 0x00, 0x3C, 0xFF,
  0xFF, 0x84, 0x00, 0x00, 0x00, 0x00, 0x00, 0x3C, 0xFF, 0xFF, 0x84, 0x00, 0x00, 0x00, 0x00, 0x00,
  0x3F, 0xFF, 0xFF, 0x84, 0x00, 0x00, 0x00, 0x00, 0x03, 0x84, 0xFF, 0xFF, 0x84, 0x00, 0x00, 0x00,
  0x68, 0xFF, 0xFF, 0xFF, 0xFF, 0xFF, 0xFF, 0xFF, 0x18, 0x68, 0xFF, 0xFF, 0xFF, 0xFF, 0xFF, 0xFF,
  0xFF, 0x18, 0x00, 0x00, 0x8C, 0xFF, 0xFF, 0x84, 0x00, 0x00, 0x00, 0x00, 0x00, 0x8C, 0xFF, 0xFF,
  0x84, 0x00, 0x00, 0x00, 0x00, 0x00, 0x8C, 0xFF, 0xFF, 0x84, 0x00, 0x00, 0x00, 0x00, 0x00, 0x8C,
  0xFF, 0xFF, 0x84, 0x00, 0x00, 0x00, 0x00, 0x00, 0x8C, 0xFF, 0xFF, 0x84, 0x00, 0x00, 0x00, 0x00,
  0x00, 0x8C, 0xFF, 0xFF, 0x84, 0x00, 0x00, 0x00, 0x00, 0x00, 0x8B, 0xFF, 0xFF, 0x84, 0x00, 0x00,
  0x00, 0x00, 0x00, 0x72, 0xFF, 0xFF, 0x84, 0x00, 0x00, 0x00, 0x00, 0x00, 0x28, 0xFA, 0xFF, 0xFF,
  0xFF, 0xE4, 0x00, 0x00, 0x00, 0x00, 0x4D, 0xCE, 0xF7, 0xFF, 0xE4, 0x00, 0x00, 0x60, 0xFF, 0xFF,
  0xB4, 0x00, 0x00, 0x00, 0x00, 0xBC, 0xFF, 0xFF, 0x58, 0x00, 0x00, 0x60, 0xFF, 0xFF, 0xB4, 0x00,
  0x00, 0x00, 0x00, 0xBC, 0xFF, 0xFF, 0x58, 0x00, 0x00, 0x60, 0xFF, 0xFF, 0xB4, 0x00, 0x00, 0x00,
  0x00, 0xBC, 0xFF, 0xFF, 0x58, 0x00, 0x00, 0x60, 0xFF, 0xFF, 0xB4, 0x00, 0x00, 0x00, 0x00, 0xBC,
  0xFF, 0xFF, 0x58, 0x00, 0x00, 0x60, 0xFF, 0xFF, 0xB4, 0x00, 0x00, 0x00, 0x00, 0xBC, 0xFF, 0xFF,
  0x58, 0x00, 0x00, 0x60, 0xFF, 0xFF, 0xB4, 0x00, 0x00, 0x00, 0x00, 0xBC, 0xFF, 0xFF, 0x58, 0x00,
  0x00, 0x60, 0xFF, 0xFF, 0xB4, 0x00, 0x00, 0x00, 0x00, 0xBC, 0xFF, 0xFF, 0x58, 0x00, 0x00, 0x5D,
  0xFF, 0xFF, 0xB9, 0x00, 0x00, 0x00, 0x00, 0xBC, 0xFF, 0xFF, 0x58, 0x00, 0x00, 0x4A, 0xFF, 0xFF,
  0xDC, 0x00, 0x00, 0x00, 0x00, 0xD9, 0xFF, 0xFF, 0x58, 0x00, 0x00, 0x13, 0xFA, 0xFF, 0xFF, 0x77,
  0x0E, 0x18, 0x8E, 0xFF, 0xFF, 0xFF, 0x58, 0x00, 0x00, 0x00, 0x8C, 0xFF, 0xFF, 0xFF, 0xFF, 0xFF,
  0xDC, 0xC8, 0xFF, 0xFF, 0x58, 0x00, 0x00, 0x00, 0x02, 0x76, 0xDB, 0xFA, 0xE9, 0xA6, 0x1C, 0xBC,
  0xFF, 0xFF, 0x58, 0x00, 0x8C, 0xFF, 0xFF, 0x7B, 0x00, 0x00, 0x00, 0x00, 0x00, 0xC7, 0xFF, 0xFF,
  0x23, 0x32, 0xFF, 0xFF, 0xD3, 0x00, 0x00, 0x00, 0x00, 0x1D, 0xFE, 0xFF, 0xC9, 0x00, 0x00, 0xD9,
  0xFF, 0xFF, 0x2B, 0x00, 0x00, 0x00, 0x72, 0xFF, 0xFF, 0x6F, 0x00, 0x00, 0x80, 0xFF, 0xFF, 0x82,
  0x00, 0x00, 0x00, 0xC7, 0xFF, 0xFD, 0x18, 0x00, 0x00, 0x26, 0xFF, 0xFF, 0xD9, 0x00, 0x00, 0x1D,
  0xFE, 0xFF, 0xBC, 0x00, 0x00, 0x00, 0x00, 0xCD, 0xFF, 0xFF, 0x2C, 0x00, 0x6D, 0xFF, 0xFF, 0x62,
  0x00, 0x00, 0x00, 0x00, 0x74, 0xFF, 0xFF, 0x76, 0x00, 0xB8, 0xFF, 0xF8, 0x10, 0x00, 0x00, 0x00,
  0x00, 0x1C, 0xFE, 0xFF, 0xBF, 0x0A, 0xF8, 0xFF, 0xAF, 0x00, 0x00, 0x00, 0x00, 0x00, 0x00, 0xC1,
  0xFF, 0xFA, 0x5C, 0xFF, 0xFF, 0x55, 0x00, 0x00, 0x00, 0x00, 0x00, 0x00, 0x68, 0xFF, 0xFF, 0xE8,
  0xFF, 0xF2, 0x09, 0x00, 0x00, 0x00, 0x00, 0x00, 0x00, 0x13, 0xFA, 0xFF, 0xFF, 0xFF, 0xA2, 0x00,
  0x00, 0x00, 0x00, 0x00, 0x00, 0x00, 0x00, 0xB5, 0xFF, 0xFF, 0xFF, 0x48, 0x00, 0x00, 0x00, 0x00,
  0x50, 0xFF, 0xFF, 0xA1, 0x00, 0x00, 0x00, 0x00, 0xAF, 0xFF, 0xFF, 0x67, 0x00, 0x00, 0x00, 0x00,
  0xDD, 0xFF, 0xF4, 0x06, 0x0C, 0xF9, 0xFF, 0xE4, 0x00, 0x00, 0x00, 0x07, 0xF3, 0xFF, 0xFF, 0xB7,
  0x00, 0x00, 0x00, 0x1D, 0xFF, 0xFF, 0xB1, 0x00, 0x00, 0xBC, 0xFF, 0xFF, 0x27, 0x00, 0x00, 0x47,
  0xFF, 0xFF, 0xFF, 0xF9, 0x0D, 0x00, 0x00, 0x5E, 0xFF, 0xFF, 0x68, 0x00, 0x00, 0x72, 0xFF, 0xFF,
  0x6B, 0x00, 0x00, 0x93, 0xFF, 0xEB, 0xFF, 0xFF, 0x56, 0x00, 0x00, 0x9F, 0xFF, 0xFF, 0x20, 0x00,
  0x00, 0x28, 0xFF, 0xFF, 0xAE, 0x00, 0x00, 0xDF, 0xFF, 0x82, 0xE3, 0xFF, 0xA5, 0x00, 0x00, 0xE0,
  0xFF, 0xD6, 0x00, 0x00, 0x00, 0x00, 0xDD, 0xFF, 0xEC, 0x01, 0x2A, 0xFF, 0xFF, 0x39, 0x99, 0xFF,
  0xEE, 0x03, 0x1F, 0xFF, 0xFF, 0x8D, 0x00, 0x00, 0x00, 0x00, 0x94, 0xFF, 0xFF, 0x2D, 0x73, 0xFF,
  0xEE, 0x03, 0x4E, 0xFF, 0xFF, 0x3C, 0x5E, 0xFF, 0xFF, 0x44, 0x00, 0x00, 0x00, 0x00, 0x4A, 0xFF,
  0xFF, 0x6B, 0xBC, 0xFF, 0xA4, 0x00, 0x0A, 0xF6, 0xFF, 0x86, 0x9C, 0xFF, 0xF4, 0x07, 0x00, 0x00,
  0x00, 0x00, 0x09, 0xF6, 0xFF, 0xB6, 0xF9, 0xFF, 0x56, 0x00, 0x00, 0xB1, 0xFF, 0xD1, 0xDA, 0xFF,
  0xB2, 0x00, 0x00, 0x00, 0x00, 0x00, 0x00, 0xB6, 0xFF, 0xFF, 0xFF, 0xF9, 0x0E, 0x00, 0x00, 0x62,
  0xFF, 0xFF, 0xFF, 0xFF, 0x69, 0x00, 0x00, 0x00, 0x00, 0x00, 0x00, 0x6C, 0xFF, 0xFF, 0xFF, 0xB9,
  0x00, 0x00, 0x00, 0x15, 0xFD, 0xFF, 0xFF, 0xFF, 0x21, 0x00, 0x00, 0x00, 0x00, 0x00, 0x00, 0x21,
  0xFF, 0xFF, 0xFF, 0x6B, 0x00, 0x00, 0x00, 0x00, 0xC4, 0xFF, 0xFF, 0xD8, 0x00, 0x00, 0x00, 0x00,
  0x25, 0xF4, 0xFF, 0xFF, 0x62, 0x00, 0x00, 0x00, 0x15, 0xEC, 0xFF, 0xFC, 0x3B, 0x00, 0x64, 0xFF,
  0xFF, 0xEF, 0x19, 0x00, 0x00, 0xA7, 0xFF, 0xFF, 0x81, 0x00, 0x00, 0x00, 0xAE, 0xFF, 0xFF, 0xAD,
  0x00, 0x4B, 0xFF, 0xFF, 0xC6, 0x04, 0x00, 0x00, 0x00, 0x13, 0xE5, 0xFF, 0xFF, 0x61, 0xE2, 0xFF,
  0xF2, 0x22, 0x00, 0x00, 0x00, 0x00, 0x00, 0x44, 0xFE, 0xFF, 0xFF, 0xFF, 0xFF, 0x5D, 0x00, 0x00,
  0x00, 0x00, 0x00, 0x00, 0x00, 0x8F, 0xFF, 0xFF, 0xFF, 0xA7, 0x00, 0x00, 0x00, 0x00, 0x00, 0x00,
  0x00, 0x00, 0xAE, 0xFF, 0xFF, 0xFF, 0xB5, 0x00, 0x00, 0x00, 0x00, 0x00, 0x00, 0x00, 0x63, 0xFF,
  0xFF, 0xF9, 0xFF, 0xFF, 0x6B, 0x00, 0x00, 0x00, 0x00, 0x00, 0x23, 0xF3, 0xFF, 0xE4, 0x39, 0xF9,
  0xFF, 0xF6, 0x29, 0x00, 0x00, 0x00, 0x03, 0xC6, 0xFF, 0xFF, 0x4F, 0x00, 0x80, 0xFF, 0xFF, 0xCE,
  0x05, 0x00, 0x00, 0x7F, 0xFF, 0xFF, 0xAC, 0x00, 0x00, 0x06, 0xD6, 0xFF, 0xFF, 0x88, 0x00, 0x36,
  0xFB, 0xFF, 0xF0, 0x19, 0x00, 0x00, 0x00, 0x3B, 0xFE, 0xFF, 0xFD, 0x3F, 0x9D, 0xFF, 0xFF, 0x6D,
  0x00, 0x00, 0x00, 0x00, 0x00, 0xB6, 0xFF, 0xFF, 0x2A, 0x46, 0xFF, 0xFF, 0xC1, 0x00, 0x00, 0x00,
  0x00, 0x0F, 0xF9, 0xFF, 0xD1, 0x00, 0x04, 0xEB, 0xFF, 0xFD, 0x17, 0x00, 0x00, 0x00, 0x5E, 0xFF,
  0xFF, 0x78, 0x00, 0x00, 0x99, 0xFF, 0xFF, 0x68, 0x00, 0x00, 0x00, 0xB1, 0xFF, 0xFF, 0x20, 0x00,
  0x00, 0x42, 0xFF, 0xFF, 0xBC, 0x00, 0x00, 0x0D, 0xF7, 0xFF, 0xC6, 0x00, 0x00, 0x00, 0x02, 0xE8,
  0xFF, 0xFC, 0x14, 0x00, 0x59, 0xFF, 0xFF, 0x6D, 0x00, 0x00, 0x00, 0x00, 0x94, 0xFF, 0xFF, 0x63,
  0x00, 0xAB, 0xFF, 0xFC, 0x17, 0x00, 0x00, 0x00, 0x00, 0x3E, 0xFF, 0xFF, 0xA8, 0x03, 0xF0, 0xFF,
  0xBA, 0x00, 0x00, 0x00, 0x00, 0x00, 0x02, 0xE5, 0xFF, 0xE8, 0x39, 0xFF, 0xFF, 0x61, 0x00, 0x00,
  0x00, 0x00, 0x00, 0x00, 0x90, 0xFF, 0xFF, 0xAA, 0xFF, 0xF8, 0x0F, 0x00, 0x00, 0x00, 0x00, 0x00,
  0x00, 0x39, 0xFF, 0xFF, 0xFF, 0xFF, 0xAF, 0x00, 0x00, 0x00, 0x00, 0x00, 0x00, 0x00, 0x01, 0xE1,
  0xFF, 0xFF, 0xFF, 0x55, 0x00, 0x00, 0x00, 0x00, 0x00, 0x00, 0x00, 0x00, 0x8C, 0xFF, 0xFF, 0xF3,
  0x09, 0x00, 0x00, 0x00, 0x00, 0x00, 0x00, 0x00, 0x00, 0x67, 0xFF, 0xFF, 0xA3, 0x00, 0x00, 0x00,
  0x00, 0x00, 0x00, 0x00, 0x00, 0x00, 0xB6, 0xFF, 0xFF, 0x45, 0x00, 0x00, 0x00, 0x00, 0x00, 0x00,
  0x20, 0xFF, 0xFF, 0xFF, 0xFF, 0xC7, 0x00, 0x00, 0x00, 0x00, 0x00, 0x00, 0x00, 0x20, 0xFF, 0xFF,
  0xEB, 0xAA, 0x19, 0x00, 0x00, 0x00, 0x00, 0x00, 0x00, 0x00, 0xE4, 0xFF, 0xFF, 0xFF, 0xFF, 0xFF,
  0xFF, 0xFF, 0xFF, 0xFC, 0x00, 0x00, 0xE4, 0xFF, 0xFF, 0xFF, 0xFF, 0xFF, 0xFF, 0xFF, 0xFF, 0xFB,
  0x00, 0x00, 0x00, 0x00, 0x00, 0x00, 0x00, 0x1C, 0xE8, 0xFF, 0xFF, 0x89, 0x00, 0x00, 0x00, 0x00,
  0x00, 0x00, 0x08, 0xCB, 0xFF, 0xFF, 0xB6, 0x02, 0x00, 0x00, 0x00, 0x00, 0x00, 0x00, 0xA3, 0xFF,
  0xFF, 0xD9, 0x0F, 0x00, 0x00, 0x00, 0x00, 0x00, 0x00, 0x75, 0xFF, 0xFF, 0xF1, 0x28, 0x00, 0x00,
  0x00, 0x00, 0x00, 0x00, 0x47, 0xFC, 0xFF, 0xFD, 0x4B, 0x00, 0x00, 0x00, 0x00, 0x00, 0x00, 0x25,
  0xEF, 0xFF, 0xFF, 0x78, 0x00, 0x00, 0x00, 0x00, 0x00, 0x00, 0x0D, 0xD6, 0xFF, 0xFF, 0xA7, 0x00,
  0x00, 0x00, 0x00, 0x00, 0x00, 0x01, 0xB2, 0xFF, 0xFF, 0xCE, 0x0A, 0x00, 0x00, 0x00, 0x00, 0x00,
  0x00, 0x1C, 0xFF, 0xFF, 0xFF, 0xFF, 0xFF, 0xFF, 0xFF, 0xFF, 0xFF, 0xFF, 0x28, 0x1C, 0xFF, 0xFF,
  0xFF, 0xFF, 0xFF, 0xFF, 0xFF, 0xFF, 0xFF, 0xFF, 0x28, 0x00, 0x00, 0x00, 0x68, 0xE9, 0xFF, 0xFF,
  0x70, 0x00, 0x00, 0x00, 0x13, 0xFC, 0xFF, 0xFF, 0xFF, 0x70, 0x00, 0x00, 0x00, 0x2F, 0xFF, 0xFF,
  0x9C, 0x00, 0x00, 0x00, 0x00, 0x00, 0x30, 0xFF, 0xFF, 0x9C, 0x00, 0x00, 0x00, 0x00, 0x00, 0x30,
  0xFF, 0xFF, 0x9C, 0x00, 0x00, 0x00, 0x00, 0x00, 0x30, 0xFF, 0xFF, 0x9C, 0x00, 0x00, 0x00, 0x00,
  0x00, 0x30, 0xFF, 0xFF, 0x9C, 0x00, 0x00, 0x00, 0x00, 0x00, 0x4A, 0xFF, 0xFF, 0x88, 0x00, 0x00,
  0x00, 0x04, 0x34, 0xD3, 0xFF, 0xFD, 0x35, 0x00, 0x00, 0x00, 0x84, 0xFF, 0xFF, 0xE0, 0x56, 0x00,
  0x00, 0x00, 0x00, 0x84, 0xFF, 0xFF, 0x2C, 0x00, 0x00, 0x00, 0x00, 0x00, 0x84, 0xFF, 0xFF, 0xDD,
  0x52, 0x00, 0x00, 0x00, 0x00, 0x04, 0x36, 0xD5, 0xFF, 0xFD, 0x33, 0x00, 0x00, 0x00, 0x00, 0x00,
  0x4B, 0xFF, 0xFF, 0x88, 0x00, 0x00, 0x00, 0x00, 0x00, 0x30, 0xFF, 0xFF, 0x9C, 0x00, 0x00, 0x00,
  0x00, 0x00, 0x30, 0xFF, 0xFF, 0x9C, 0x00, 0x00, 0x00, 0x00, 0x00, 0x30, 0xFF, 0xFF, 0x9C, 0x00,
  0x00, 0x00, 0x00, 0x00, 0x30, 0xFF, 0xFF, 0x9C, 0x00, 0x00, 0x00, 0x00, 0x00, 0x2F, 0xFF, 0xFF,
  0x9C, 0x00, 0x00, 0x00, 0x00, 0x00, 0x13, 0xFD, 0xFF, 0xFF, 0xFF, 0x70, 0x00, 0x00, 0x00, 0x00,
  0x6B, 0xEA, 0xFF, 0xFF, 0x70, 0x00, 0x00, 0x00, 0x00, 0xC8, 0xFF, 0xD0, 0x00, 0x00, 0x00, 0x00,
  0x00, 0x00, 0xC8, 0xFF, 0xD0, 0x00, 0x00, 0x00, 0x00, 0x00, 0x00, 0xC8, 0xFF, 0xD0, 0x00, 0x00,
  0x00, 0x00, 0x00, 0x00, 0xC8, 0xFF, 0xD0, 0x00, 0x00, 0x00, 0x00, 0x00, 0x00, 0xC8, 0xFF, 0xD0,
  0x00, 0x00, 0x00, 0x00, 0x00, 0x00, 0xC8, 0xFF, 0xD0, 0x00, 0x00, 0x00, 0x00, 0x00, 0x00, 0xC8,
  0xFF, 0xD0, 0x00, 0x00, 0x00, 0x00, 0x00, 0x00, 0xC8, 0xFF, 0xD0, 0x00, 0x00, 0x00, 0x00, 0x00,
  0x00, 0xC8, 0xFF, 0xD0, 0x00, 0x00, 0x00, 0x00, 0x00, 0x00, 0xC8, 0xFF, 0xD0, 0x00, 0x00, 0x00,
  0x00, 0x00, 0x00, 0xC8, 0xFF, 0xD0, 0x00, 0x00, 0x00, 0x00, 0x00, 0x00, 0xC8, 0xFF, 0xD0, 0x00,
  0x00, 0x00, 0x00, 0x00, 0x00, 0xC8, 0xFF, 0xD0, 0x00, 0x00, 0x00, 0x00, 0x00, 0x00, 0xC8, 0xFF,
  0xD0, 0x00, 0x00, 0x00, 0x00, 0x00, 0x00, 0xC8, 0xFF, 0xD0, 0x00, 0x00, 0x00, 0x00, 0x00, 0x00,
  0xC8, 0xFF, 0xD0, 0x00, 0x00, 0x00, 0x00, 0x00, 0x00, 0xC8, 0xFF, 0xD0, 0x00, 0x00, 0x00, 0x00,
  0x00, 0x00, 0xC8, 0xFF, 0xD0, 0x00, 0x00, 0x00, 0x00, 0x00, 0x00, 0xC8, 0xFF, 0xD0, 0x00, 0x00,
  0x00, 0x00, 0x00, 0x00, 0xC8, 0xFF, 0xD0, 0x00, 0x00, 0x00, 0x00, 0x00, 0x00, 0xC8, 0xFF, 0xD0,
  0x00, 0x00, 0x00, 0x00, 0xBC, 0xFF, 0xFE, 0xD5, 0x36, 0x00, 0x00, 0x00, 0x00, 0xBC, 0xFF, 0xFF,
  0xFF, 0xCA, 0x00, 0x00, 0x00, 0x00, 0x00, 0x00, 0xE0, 0xFF, 0xEB, 0x00, 0x00, 0x00, 0x00, 0x00,
  0x00, 0xE0, 0xFF, 0xEC, 0x00, 0x00, 0x00, 0x00, 0x00, 0x00, 0xE0, 0xFF, 0xEC, 0x00, 0x00, 0x00,
  0x00, 0x00, 0x00, 0xE0, 0xFF, 0xEC, 0x00, 0x00, 0x00, 0x00, 0x00, 0x00, 0xE0, 0xFF, 0xEC, 0x00,
  0x00, 0x00, 0x00, 0x00, 0x00, 0xCD, 0xFF, 0xFB, 0x09, 0x00, 0x00, 0x00, 0x00, 0x00, 0x79, 0xFF,
  0xFF, 0xA3, 0x1D, 0x00, 0x00, 0x00, 0x00, 0x03, 0x8A, 0xF2, 0xFF, 0xFF, 0x3C, 0x00, 0x00, 0x00,
  0x00, 0x00, 0x74, 0xFF, 0xFF, 0x3C, 0x00, 0x00, 0x00, 0x03, 0x85, 0xF1, 0xFF, 0xFF, 0x3C, 0x00,
  0x00, 0x00, 0x78, 0xFF, 0xFF, 0xA5, 0x1F, 0x01, 0x00, 0x00, 0x00, 0xCD, 0xFF, 0xFB, 0x09, 0x00,
  0x00, 0x00, 0x00, 0x00, 0xE0, 0xFF, 0xEC, 0x00, 0x00, 0x00, 0x00, 0x00, 0x00, 0xE0, 0xFF, 0xEC,
  0x00, 0x00, 0x00, 0x00, 0x00, 0x00, 0xE0, 0xFF, 0xEC, 0x00, 0x00, 0x00, 0x00, 0x00, 0x00, 0xE0,
  0xFF, 0xEC, 0x00, 0x00, 0x00, 0x00, 0x00, 0x00, 0xE0, 0xFF, 0xEB, 0x00, 0x00, 0x00, 0x00, 0xBC,
  0xFF, 0xFF, 0xFF, 0xCB, 0x00, 0x00, 0x00, 0x00, 0xBC, 0xFF, 0xFE, 0xD6, 0x38, 0x00, 0x00, 0x00,
  0x00, 0x06, 0x8C, 0xE6, 0xF9, 0xD8, 0x6F, 0x07, 0x00, 0x00, 0x00, 0x00, 0x00, 0x00, 0x00, 0x78,
  0xFF, 0xFF, 0xFF, 0xFF, 0xFF, 0xE2, 0x64, 0x12, 0x19, 0x91, 0x54, 0x00, 0x00, 0x0D, 0xB7, 0x3B,
  0x09, 0x3F, 0xBB, 0xFF, 0xFF, 0xFF, 0xFF, 0xFF, 0xDF, 0x01, 0x00, 0x00, 0x00, 0x00, 0x00, 0x00,
  0x00, 0x3F, 0xB9, 0xF4, 0xF5, 0xC1, 0x38, 0x00, 0x00, 0x00, 0x00, 0x00, 0x00, 0x00, 0x00, 0x00,
  0x00, 0x00, 0x00, 0x00, 0x00, 0x00, 0x00, 0x00, 0x00, 0x00, 0x00, 0x00, 0x00, 0x00, 0x00, 0x00,
  0x00, 0x00, 0x00, 0x00, 0x00, 0x00, 0x00, 0x00, 0x00, 0x00, 0x00, 0x00, 0x00, 0x00, 0x00, 0x00,
  0x00, 0x00, 0x00, 0x00, 0x00, 0x00, 0x00, 0x00, 0x00, 0x00, 0x00, 0x00, 0x00, 0x00, 0x00, 0x00,
  0x00, 0x00, 0x00, 0x00, 0x00, 0x00, 0x00, 0x00, 0x00, 0x00, 0x00, 0x00, 0x00, 0x00,
};
